[    2183ms] [ERROR] Failed to load resource: the server responded with a status of 500 (Internal Server Error) @ http://localhost:3001/login:0
[    2453ms] [INFO] %cDownload the React DevTools for a better development experience: https://reactjs.org/link/react-devtools font-weight:bold @ webpack-internal:///./node_modules/react-dom/cjs/react-dom.development.js:29889
[    2491ms] Error: Cannot find module './682.js'
Require stack:
- /Users/akshitsama/Desktop/Website/.next/server/webpack-runtime.js
- /Users/akshitsama/Desktop/Website/.next/server/pages/_document.js
- /Users/akshitsama/Desktop/Website/node_modules/next/dist/server/require.js
- /Users/akshitsama/Desktop/Website/node_modules/next/dist/server/load-components.js
- /Users/akshitsama/Desktop/Website/node_modules/next/dist/build/utils.js
- /Users/akshitsama/Desktop/Website/node_modules/next/dist/server/dev/hot-middleware.js
- /Users/akshitsama/Desktop/Website/node_modules/next/dist/server/dev/hot-reloader-webpack.js
- /Users/akshitsama/Desktop/Website/node_modules/next/dist/server/lib/router-utils/setup-dev-bundler.js
- /Users/akshitsama/Desktop/Website/node_modules/next/dist/server/lib/router-server.js
- /Users/akshitsama/Desktop/Website/node_modules/next/dist/server/lib/start-server.js
    at Function.<anonymous> (node:internal/modules/cjs/loader:1383:15)
    at <unknown> (file:///Users/akshitsama/Desktop/Website/node_modules/next/dist/server/require-hook.js:55:36)
    at defaultResolveImpl (node:internal/modules/cjs/loader:1025:19)
    at resolveForCJSWithHooks (node:internal/modules/cjs/loader:1030:22)
    at Function._load (node:internal/modules/cjs/loader:1192:37)
    at TracingChannel.traceSync (node:diagnostics_channel:328:14)
    at wrapModuleLoad (node:internal/modules/cjs/loader:237:24)
    at Module.<anonymous> (node:internal/modules/cjs/loader:1463:12)
    at mod.require (file:///Users/akshitsama/Desktop/Website/node_modules/next/dist/server/require-hook.js:65:28)
    at require (node:internal/modules/helpers:147:16)
    at __webpack_require__.f.require (file:///Users/akshitsama/Desktop/Website/.next/server/webpack-runtime.js:198:28)
    at <unknown> (file:///Users/akshitsama/Desktop/Website/.next/server/webpack-runtime.js:111:40)
    at Array.reduce (<anonymous>)
    at __webpack_require__.e (file:///Users/akshitsama/Desktop/Website/.next/server/webpack-runtime.js:110:67)
    at Array.map (<anonymous>)
    at __webpack_require__.X (file:///Users/akshitsama/Desktop/Website/.next/server/webpack-runtime.js:162:22)
    at <unknown> (file:///Users/akshitsama/Desktop/Website/.next/server/pages/_document.js:1:335)
    at Object.<anonymous> (file:///Users/akshitsama/Desktop/Website/.next/server/pages/_document.js:1:376)
    at Module._compile (node:internal/modules/cjs/loader:1705:14)
    at Object..js (node:internal/modules/cjs/loader:1838:10)
    at Module.load (node:internal/modules/cjs/loader:1441:32)
    at Function._load (node:internal/modules/cjs/loader:1263:12)
    at TracingChannel.traceSync (node:diagnostics_channel:328:14)
    at wrapModuleLoad (node:internal/modules/cjs/loader:237:24)
    at Module.<anonymous> (node:internal/modules/cjs/loader:1463:12)
    at mod.require (file:///Users/akshitsama/Desktop/Website/node_modules/next/dist/server/require-hook.js:65:28)
    at require (node:internal/modules/helpers:147:16)
    at requirePage (file:///Users/akshitsama/Desktop/Website/node_modules/next/dist/server/require.js:109:84)
    at <unknown> (file:///Users/akshitsama/Desktop/Website/node_modules/next/dist/server/load-components.js:72:65)
    at async loadComponentsImpl (file:///Users/akshitsama/Desktop/Website/node_modules/next/dist/server/load-components.js:71:33)
    at async DevServer.findPageComponentsImpl (file:///Users/akshitsama/Desktop/Website/node_modules/next/dist/server/next-server.js:714:36)
[    2482ms] [LOG] [HMR] connected @ webpack-internal:///./node_modules/next/dist/client/components/react-dev-overlay/pages/websocket.js:38
[    2865ms] [ERROR] Failed to load resource: the server responded with a status of 500 (Internal Server Error) @ http://localhost:3001/_next/static/webpack/f8b1252d3b555901.webpack.hot-update.json:0
[    2865ms] [WARNING] [Fast Refresh] performing full reload

Fast Refresh will perform a full reload when you edit a file that's imported by modules outside of the React rendering tree.
You might have a file which exports a React component but also exports a value that is imported by a non-React component file.
Consider migrating the non-React component export to a separate file and importing it into both files.

It is also possible the parent component of the component you edited is a class component, which disables Fast Refresh.
Fast Refresh requires at least one parent function component in your React tree. @ webpack-internal:///./node_modules/next/dist/client/components/react-dev-overlay/pages/hot-reloader-client.js:347
[    3129ms] [ERROR] Failed to load resource: the server responded with a status of 500 (Internal Server Error) @ http://localhost:3001/login:0
[    3647ms] [INFO] %cDownload the React DevTools for a better development experience: https://reactjs.org/link/react-devtools font-weight:bold @ webpack-internal:///./node_modules/react-dom/cjs/react-dom.development.js:29889
[    3662ms] Error: Cannot find module './682.js'
Require stack:
- /Users/akshitsama/Desktop/Website/.next/server/webpack-runtime.js
- /Users/akshitsama/Desktop/Website/.next/server/pages/_document.js
- /Users/akshitsama/Desktop/Website/node_modules/next/dist/server/require.js
- /Users/akshitsama/Desktop/Website/node_modules/next/dist/server/load-components.js
- /Users/akshitsama/Desktop/Website/node_modules/next/dist/build/utils.js
- /Users/akshitsama/Desktop/Website/node_modules/next/dist/server/dev/hot-middleware.js
- /Users/akshitsama/Desktop/Website/node_modules/next/dist/server/dev/hot-reloader-webpack.js
- /Users/akshitsama/Desktop/Website/node_modules/next/dist/server/lib/router-utils/setup-dev-bundler.js
- /Users/akshitsama/Desktop/Website/node_modules/next/dist/server/lib/router-server.js
- /Users/akshitsama/Desktop/Website/node_modules/next/dist/server/lib/start-server.js
    at Function.<anonymous> (node:internal/modules/cjs/loader:1383:15)
    at <unknown> (file:///Users/akshitsama/Desktop/Website/node_modules/next/dist/server/require-hook.js:55:36)
    at defaultResolveImpl (node:internal/modules/cjs/loader:1025:19)
    at resolveForCJSWithHooks (node:internal/modules/cjs/loader:1030:22)
    at Function._load (node:internal/modules/cjs/loader:1192:37)
    at TracingChannel.traceSync (node:diagnostics_channel:328:14)
    at wrapModuleLoad (node:internal/modules/cjs/loader:237:24)
    at Module.<anonymous> (node:internal/modules/cjs/loader:1463:12)
    at mod.require (file:///Users/akshitsama/Desktop/Website/node_modules/next/dist/server/require-hook.js:65:28)
    at require (node:internal/modules/helpers:147:16)
    at __webpack_require__.f.require (file:///Users/akshitsama/Desktop/Website/.next/server/webpack-runtime.js:198:28)
    at <unknown> (file:///Users/akshitsama/Desktop/Website/.next/server/webpack-runtime.js:111:40)
    at Array.reduce (<anonymous>)
    at __webpack_require__.e (file:///Users/akshitsama/Desktop/Website/.next/server/webpack-runtime.js:110:67)
    at Array.map (<anonymous>)
    at __webpack_require__.X (file:///Users/akshitsama/Desktop/Website/.next/server/webpack-runtime.js:162:22)
    at <unknown> (file:///Users/akshitsama/Desktop/Website/.next/server/pages/_document.js:1:335)
    at Object.<anonymous> (file:///Users/akshitsama/Desktop/Website/.next/server/pages/_document.js:1:376)
    at Module._compile (node:internal/modules/cjs/loader:1705:14)
    at Object..js (node:internal/modules/cjs/loader:1838:10)
    at Module.load (node:internal/modules/cjs/loader:1441:32)
    at Function._load (node:internal/modules/cjs/loader:1263:12)
    at TracingChannel.traceSync (node:diagnostics_channel:328:14)
    at wrapModuleLoad (node:internal/modules/cjs/loader:237:24)
    at Module.<anonymous> (node:internal/modules/cjs/loader:1463:12)
    at mod.require (file:///Users/akshitsama/Desktop/Website/node_modules/next/dist/server/require-hook.js:65:28)
    at require (node:internal/modules/helpers:147:16)
    at requirePage (file:///Users/akshitsama/Desktop/Website/node_modules/next/dist/server/require.js:109:84)
    at <unknown> (file:///Users/akshitsama/Desktop/Website/node_modules/next/dist/server/load-components.js:72:65)
    at async loadComponentsImpl (file:///Users/akshitsama/Desktop/Website/node_modules/next/dist/server/load-components.js:71:33)
    at async DevServer.findPageComponentsImpl (file:///Users/akshitsama/Desktop/Website/node_modules/next/dist/server/next-server.js:714:36)
[    3661ms] [LOG] [HMR] connected @ webpack-internal:///./node_modules/next/dist/client/components/react-dev-overlay/pages/websocket.js:38
[    4013ms] [ERROR] Failed to load resource: the server responded with a status of 500 (Internal Server Error) @ http://localhost:3001/_next/static/webpack/f8b1252d3b555901.webpack.hot-update.json:0
[    4013ms] [WARNING] [Fast Refresh] performing full reload

Fast Refresh will perform a full reload when you edit a file that's imported by modules outside of the React rendering tree.
You might have a file which exports a React component but also exports a value that is imported by a non-React component file.
Consider migrating the non-React component export to a separate file and importing it into both files.

It is also possible the parent component of the component you edited is a class component, which disables Fast Refresh.
Fast Refresh requires at least one parent function component in your React tree. @ webpack-internal:///./node_modules/next/dist/client/components/react-dev-overlay/pages/hot-reloader-client.js:347
[    4110ms] [ERROR] Failed to load resource: the server responded with a status of 500 (Internal Server Error) @ http://localhost:3001/login:0
[    4334ms] [INFO] %cDownload the React DevTools for a better development experience: https://reactjs.org/link/react-devtools font-weight:bold @ webpack-internal:///./node_modules/react-dom/cjs/react-dom.development.js:29889
[    4353ms] Error: Cannot find module './682.js'
Require stack:
- /Users/akshitsama/Desktop/Website/.next/server/webpack-runtime.js
- /Users/akshitsama/Desktop/Website/.next/server/pages/_document.js
- /Users/akshitsama/Desktop/Website/node_modules/next/dist/server/require.js
- /Users/akshitsama/Desktop/Website/node_modules/next/dist/server/load-components.js
- /Users/akshitsama/Desktop/Website/node_modules/next/dist/build/utils.js
- /Users/akshitsama/Desktop/Website/node_modules/next/dist/server/dev/hot-middleware.js
- /Users/akshitsama/Desktop/Website/node_modules/next/dist/server/dev/hot-reloader-webpack.js
- /Users/akshitsama/Desktop/Website/node_modules/next/dist/server/lib/router-utils/setup-dev-bundler.js
- /Users/akshitsama/Desktop/Website/node_modules/next/dist/server/lib/router-server.js
- /Users/akshitsama/Desktop/Website/node_modules/next/dist/server/lib/start-server.js
    at Function.<anonymous> (node:internal/modules/cjs/loader:1383:15)
    at <unknown> (file:///Users/akshitsama/Desktop/Website/node_modules/next/dist/server/require-hook.js:55:36)
    at defaultResolveImpl (node:internal/modules/cjs/loader:1025:19)
    at resolveForCJSWithHooks (node:internal/modules/cjs/loader:1030:22)
    at Function._load (node:internal/modules/cjs/loader:1192:37)
    at TracingChannel.traceSync (node:diagnostics_channel:328:14)
    at wrapModuleLoad (node:internal/modules/cjs/loader:237:24)
    at Module.<anonymous> (node:internal/modules/cjs/loader:1463:12)
    at mod.require (file:///Users/akshitsama/Desktop/Website/node_modules/next/dist/server/require-hook.js:65:28)
    at require (node:internal/modules/helpers:147:16)
    at __webpack_require__.f.require (file:///Users/akshitsama/Desktop/Website/.next/server/webpack-runtime.js:198:28)
    at <unknown> (file:///Users/akshitsama/Desktop/Website/.next/server/webpack-runtime.js:111:40)
    at Array.reduce (<anonymous>)
    at __webpack_require__.e (file:///Users/akshitsama/Desktop/Website/.next/server/webpack-runtime.js:110:67)
    at Array.map (<anonymous>)
    at __webpack_require__.X (file:///Users/akshitsama/Desktop/Website/.next/server/webpack-runtime.js:162:22)
    at <unknown> (file:///Users/akshitsama/Desktop/Website/.next/server/pages/_document.js:1:335)
    at Object.<anonymous> (file:///Users/akshitsama/Desktop/Website/.next/server/pages/_document.js:1:376)
    at Module._compile (node:internal/modules/cjs/loader:1705:14)
    at Object..js (node:internal/modules/cjs/loader:1838:10)
    at Module.load (node:internal/modules/cjs/loader:1441:32)
    at Function._load (node:internal/modules/cjs/loader:1263:12)
    at TracingChannel.traceSync (node:diagnostics_channel:328:14)
    at wrapModuleLoad (node:internal/modules/cjs/loader:237:24)
    at Module.<anonymous> (node:internal/modules/cjs/loader:1463:12)
    at mod.require (file:///Users/akshitsama/Desktop/Website/node_modules/next/dist/server/require-hook.js:65:28)
    at require (node:internal/modules/helpers:147:16)
    at requirePage (file:///Users/akshitsama/Desktop/Website/node_modules/next/dist/server/require.js:109:84)
    at <unknown> (file:///Users/akshitsama/Desktop/Website/node_modules/next/dist/server/load-components.js:72:65)
    at async loadComponentsImpl (file:///Users/akshitsama/Desktop/Website/node_modules/next/dist/server/load-components.js:71:33)
    at async DevServer.findPageComponentsImpl (file:///Users/akshitsama/Desktop/Website/node_modules/next/dist/server/next-server.js:714:36)
[    4344ms] [LOG] [HMR] connected @ webpack-internal:///./node_modules/next/dist/client/components/react-dev-overlay/pages/websocket.js:38
[    4829ms] [ERROR] Failed to load resource: the server responded with a status of 500 (Internal Server Error) @ http://localhost:3001/_next/static/webpack/f8b1252d3b555901.webpack.hot-update.json:0
[    4829ms] [WARNING] [Fast Refresh] performing full reload

Fast Refresh will perform a full reload when you edit a file that's imported by modules outside of the React rendering tree.
You might have a file which exports a React component but also exports a value that is imported by a non-React component file.
Consider migrating the non-React component export to a separate file and importing it into both files.

It is also possible the parent component of the component you edited is a class component, which disables Fast Refresh.
Fast Refresh requires at least one parent function component in your React tree. @ webpack-internal:///./node_modules/next/dist/client/components/react-dev-overlay/pages/hot-reloader-client.js:347
[    4934ms] [ERROR] Failed to load resource: the server responded with a status of 500 (Internal Server Error) @ http://localhost:3001/login:0
[    5163ms] [INFO] %cDownload the React DevTools for a better development experience: https://reactjs.org/link/react-devtools font-weight:bold @ webpack-internal:///./node_modules/react-dom/cjs/react-dom.development.js:29889
[    5172ms] Error: Cannot find module './682.js'
Require stack:
- /Users/akshitsama/Desktop/Website/.next/server/webpack-runtime.js
- /Users/akshitsama/Desktop/Website/.next/server/pages/_document.js
- /Users/akshitsama/Desktop/Website/node_modules/next/dist/server/require.js
- /Users/akshitsama/Desktop/Website/node_modules/next/dist/server/load-components.js
- /Users/akshitsama/Desktop/Website/node_modules/next/dist/build/utils.js
- /Users/akshitsama/Desktop/Website/node_modules/next/dist/server/dev/hot-middleware.js
- /Users/akshitsama/Desktop/Website/node_modules/next/dist/server/dev/hot-reloader-webpack.js
- /Users/akshitsama/Desktop/Website/node_modules/next/dist/server/lib/router-utils/setup-dev-bundler.js
- /Users/akshitsama/Desktop/Website/node_modules/next/dist/server/lib/router-server.js
- /Users/akshitsama/Desktop/Website/node_modules/next/dist/server/lib/start-server.js
    at Function.<anonymous> (node:internal/modules/cjs/loader:1383:15)
    at <unknown> (file:///Users/akshitsama/Desktop/Website/node_modules/next/dist/server/require-hook.js:55:36)
    at defaultResolveImpl (node:internal/modules/cjs/loader:1025:19)
    at resolveForCJSWithHooks (node:internal/modules/cjs/loader:1030:22)
    at Function._load (node:internal/modules/cjs/loader:1192:37)
    at TracingChannel.traceSync (node:diagnostics_channel:328:14)
    at wrapModuleLoad (node:internal/modules/cjs/loader:237:24)
    at Module.<anonymous> (node:internal/modules/cjs/loader:1463:12)
    at mod.require (file:///Users/akshitsama/Desktop/Website/node_modules/next/dist/server/require-hook.js:65:28)
    at require (node:internal/modules/helpers:147:16)
    at __webpack_require__.f.require (file:///Users/akshitsama/Desktop/Website/.next/server/webpack-runtime.js:198:28)
    at <unknown> (file:///Users/akshitsama/Desktop/Website/.next/server/webpack-runtime.js:111:40)
    at Array.reduce (<anonymous>)
    at __webpack_require__.e (file:///Users/akshitsama/Desktop/Website/.next/server/webpack-runtime.js:110:67)
    at Array.map (<anonymous>)
    at __webpack_require__.X (file:///Users/akshitsama/Desktop/Website/.next/server/webpack-runtime.js:162:22)
    at <unknown> (file:///Users/akshitsama/Desktop/Website/.next/server/pages/_document.js:1:335)
    at Object.<anonymous> (file:///Users/akshitsama/Desktop/Website/.next/server/pages/_document.js:1:376)
    at Module._compile (node:internal/modules/cjs/loader:1705:14)
    at Object..js (node:internal/modules/cjs/loader:1838:10)
    at Module.load (node:internal/modules/cjs/loader:1441:32)
    at Function._load (node:internal/modules/cjs/loader:1263:12)
    at TracingChannel.traceSync (node:diagnostics_channel:328:14)
    at wrapModuleLoad (node:internal/modules/cjs/loader:237:24)
    at Module.<anonymous> (node:internal/modules/cjs/loader:1463:12)
    at mod.require (file:///Users/akshitsama/Desktop/Website/node_modules/next/dist/server/require-hook.js:65:28)
    at require (node:internal/modules/helpers:147:16)
    at requirePage (file:///Users/akshitsama/Desktop/Website/node_modules/next/dist/server/require.js:109:84)
    at <unknown> (file:///Users/akshitsama/Desktop/Website/node_modules/next/dist/server/load-components.js:72:65)
    at async loadComponentsImpl (file:///Users/akshitsama/Desktop/Website/node_modules/next/dist/server/load-components.js:71:33)
    at async DevServer.findPageComponentsImpl (file:///Users/akshitsama/Desktop/Website/node_modules/next/dist/server/next-server.js:714:36)
[    5170ms] [LOG] [HMR] connected @ webpack-internal:///./node_modules/next/dist/client/components/react-dev-overlay/pages/websocket.js:38
[    5843ms] [ERROR] Failed to load resource: the server responded with a status of 500 (Internal Server Error) @ http://localhost:3001/_next/static/webpack/f8b1252d3b555901.webpack.hot-update.json:0
[    5843ms] [WARNING] [Fast Refresh] performing full reload

Fast Refresh will perform a full reload when you edit a file that's imported by modules outside of the React rendering tree.
You might have a file which exports a React component but also exports a value that is imported by a non-React component file.
Consider migrating the non-React component export to a separate file and importing it into both files.

It is also possible the parent component of the component you edited is a class component, which disables Fast Refresh.
Fast Refresh requires at least one parent function component in your React tree. @ webpack-internal:///./node_modules/next/dist/client/components/react-dev-overlay/pages/hot-reloader-client.js:347
[    5940ms] [ERROR] Failed to load resource: the server responded with a status of 500 (Internal Server Error) @ http://localhost:3001/login:0
[    6127ms] [INFO] %cDownload the React DevTools for a better development experience: https://reactjs.org/link/react-devtools font-weight:bold @ webpack-internal:///./node_modules/react-dom/cjs/react-dom.development.js:29889
[    6241ms] Error: Cannot find module './682.js'
Require stack:
- /Users/akshitsama/Desktop/Website/.next/server/webpack-runtime.js
- /Users/akshitsama/Desktop/Website/.next/server/pages/_document.js
- /Users/akshitsama/Desktop/Website/node_modules/next/dist/server/require.js
- /Users/akshitsama/Desktop/Website/node_modules/next/dist/server/load-components.js
- /Users/akshitsama/Desktop/Website/node_modules/next/dist/build/utils.js
- /Users/akshitsama/Desktop/Website/node_modules/next/dist/server/dev/hot-middleware.js
- /Users/akshitsama/Desktop/Website/node_modules/next/dist/server/dev/hot-reloader-webpack.js
- /Users/akshitsama/Desktop/Website/node_modules/next/dist/server/lib/router-utils/setup-dev-bundler.js
- /Users/akshitsama/Desktop/Website/node_modules/next/dist/server/lib/router-server.js
- /Users/akshitsama/Desktop/Website/node_modules/next/dist/server/lib/start-server.js
    at Function.<anonymous> (node:internal/modules/cjs/loader:1383:15)
    at <unknown> (file:///Users/akshitsama/Desktop/Website/node_modules/next/dist/server/require-hook.js:55:36)
    at defaultResolveImpl (node:internal/modules/cjs/loader:1025:19)
    at resolveForCJSWithHooks (node:internal/modules/cjs/loader:1030:22)
    at Function._load (node:internal/modules/cjs/loader:1192:37)
    at TracingChannel.traceSync (node:diagnostics_channel:328:14)
    at wrapModuleLoad (node:internal/modules/cjs/loader:237:24)
    at Module.<anonymous> (node:internal/modules/cjs/loader:1463:12)
    at mod.require (file:///Users/akshitsama/Desktop/Website/node_modules/next/dist/server/require-hook.js:65:28)
    at require (node:internal/modules/helpers:147:16)
    at __webpack_require__.f.require (file:///Users/akshitsama/Desktop/Website/.next/server/webpack-runtime.js:198:28)
    at <unknown> (file:///Users/akshitsama/Desktop/Website/.next/server/webpack-runtime.js:111:40)
    at Array.reduce (<anonymous>)
    at __webpack_require__.e (file:///Users/akshitsama/Desktop/Website/.next/server/webpack-runtime.js:110:67)
    at Array.map (<anonymous>)
    at __webpack_require__.X (file:///Users/akshitsama/Desktop/Website/.next/server/webpack-runtime.js:162:22)
    at <unknown> (file:///Users/akshitsama/Desktop/Website/.next/server/pages/_document.js:1:335)
    at Object.<anonymous> (file:///Users/akshitsama/Desktop/Website/.next/server/pages/_document.js:1:376)
    at Module._compile (node:internal/modules/cjs/loader:1705:14)
    at Object..js (node:internal/modules/cjs/loader:1838:10)
    at Module.load (node:internal/modules/cjs/loader:1441:32)
    at Function._load (node:internal/modules/cjs/loader:1263:12)
    at TracingChannel.traceSync (node:diagnostics_channel:328:14)
    at wrapModuleLoad (node:internal/modules/cjs/loader:237:24)
    at Module.<anonymous> (node:internal/modules/cjs/loader:1463:12)
    at mod.require (file:///Users/akshitsama/Desktop/Website/node_modules/next/dist/server/require-hook.js:65:28)
    at require (node:internal/modules/helpers:147:16)
    at requirePage (file:///Users/akshitsama/Desktop/Website/node_modules/next/dist/server/require.js:109:84)
    at <unknown> (file:///Users/akshitsama/Desktop/Website/node_modules/next/dist/server/load-components.js:72:65)
    at async loadComponentsImpl (file:///Users/akshitsama/Desktop/Website/node_modules/next/dist/server/load-components.js:71:33)
    at async DevServer.findPageComponentsImpl (file:///Users/akshitsama/Desktop/Website/node_modules/next/dist/server/next-server.js:714:36)
[    6164ms] [LOG] [HMR] connected @ webpack-internal:///./node_modules/next/dist/client/components/react-dev-overlay/pages/websocket.js:38
[    6591ms] [ERROR] Failed to load resource: the server responded with a status of 500 (Internal Server Error) @ http://localhost:3001/_next/static/webpack/f8b1252d3b555901.webpack.hot-update.json:0
[    6591ms] [WARNING] [Fast Refresh] performing full reload

Fast Refresh will perform a full reload when you edit a file that's imported by modules outside of the React rendering tree.
You might have a file which exports a React component but also exports a value that is imported by a non-React component file.
Consider migrating the non-React component export to a separate file and importing it into both files.

It is also possible the parent component of the component you edited is a class component, which disables Fast Refresh.
Fast Refresh requires at least one parent function component in your React tree. @ webpack-internal:///./node_modules/next/dist/client/components/react-dev-overlay/pages/hot-reloader-client.js:347
[    6669ms] [ERROR] Failed to load resource: the server responded with a status of 500 (Internal Server Error) @ http://localhost:3001/login:0
[    6812ms] [INFO] %cDownload the React DevTools for a better development experience: https://reactjs.org/link/react-devtools font-weight:bold @ webpack-internal:///./node_modules/react-dom/cjs/react-dom.development.js:29889
[    6839ms] Error: Cannot find module './682.js'
Require stack:
- /Users/akshitsama/Desktop/Website/.next/server/webpack-runtime.js
- /Users/akshitsama/Desktop/Website/.next/server/pages/_document.js
- /Users/akshitsama/Desktop/Website/node_modules/next/dist/server/require.js
- /Users/akshitsama/Desktop/Website/node_modules/next/dist/server/load-components.js
- /Users/akshitsama/Desktop/Website/node_modules/next/dist/build/utils.js
- /Users/akshitsama/Desktop/Website/node_modules/next/dist/server/dev/hot-middleware.js
- /Users/akshitsama/Desktop/Website/node_modules/next/dist/server/dev/hot-reloader-webpack.js
- /Users/akshitsama/Desktop/Website/node_modules/next/dist/server/lib/router-utils/setup-dev-bundler.js
- /Users/akshitsama/Desktop/Website/node_modules/next/dist/server/lib/router-server.js
- /Users/akshitsama/Desktop/Website/node_modules/next/dist/server/lib/start-server.js
    at Function.<anonymous> (node:internal/modules/cjs/loader:1383:15)
    at <unknown> (file:///Users/akshitsama/Desktop/Website/node_modules/next/dist/server/require-hook.js:55:36)
    at defaultResolveImpl (node:internal/modules/cjs/loader:1025:19)
    at resolveForCJSWithHooks (node:internal/modules/cjs/loader:1030:22)
    at Function._load (node:internal/modules/cjs/loader:1192:37)
    at TracingChannel.traceSync (node:diagnostics_channel:328:14)
    at wrapModuleLoad (node:internal/modules/cjs/loader:237:24)
    at Module.<anonymous> (node:internal/modules/cjs/loader:1463:12)
    at mod.require (file:///Users/akshitsama/Desktop/Website/node_modules/next/dist/server/require-hook.js:65:28)
    at require (node:internal/modules/helpers:147:16)
    at __webpack_require__.f.require (file:///Users/akshitsama/Desktop/Website/.next/server/webpack-runtime.js:198:28)
    at <unknown> (file:///Users/akshitsama/Desktop/Website/.next/server/webpack-runtime.js:111:40)
    at Array.reduce (<anonymous>)
    at __webpack_require__.e (file:///Users/akshitsama/Desktop/Website/.next/server/webpack-runtime.js:110:67)
    at Array.map (<anonymous>)
    at __webpack_require__.X (file:///Users/akshitsama/Desktop/Website/.next/server/webpack-runtime.js:162:22)
    at <unknown> (file:///Users/akshitsama/Desktop/Website/.next/server/pages/_document.js:1:335)
    at Object.<anonymous> (file:///Users/akshitsama/Desktop/Website/.next/server/pages/_document.js:1:376)
    at Module._compile (node:internal/modules/cjs/loader:1705:14)
    at Object..js (node:internal/modules/cjs/loader:1838:10)
    at Module.load (node:internal/modules/cjs/loader:1441:32)
    at Function._load (node:internal/modules/cjs/loader:1263:12)
    at TracingChannel.traceSync (node:diagnostics_channel:328:14)
    at wrapModuleLoad (node:internal/modules/cjs/loader:237:24)
    at Module.<anonymous> (node:internal/modules/cjs/loader:1463:12)
    at mod.require (file:///Users/akshitsama/Desktop/Website/node_modules/next/dist/server/require-hook.js:65:28)
    at require (node:internal/modules/helpers:147:16)
    at requirePage (file:///Users/akshitsama/Desktop/Website/node_modules/next/dist/server/require.js:109:84)
    at <unknown> (file:///Users/akshitsama/Desktop/Website/node_modules/next/dist/server/load-components.js:72:65)
    at async loadComponentsImpl (file:///Users/akshitsama/Desktop/Website/node_modules/next/dist/server/load-components.js:71:33)
    at async DevServer.findPageComponentsImpl (file:///Users/akshitsama/Desktop/Website/node_modules/next/dist/server/next-server.js:714:36)
[    6824ms] [LOG] [HMR] connected @ webpack-internal:///./node_modules/next/dist/client/components/react-dev-overlay/pages/websocket.js:38
[    7080ms] [ERROR] Failed to load resource: the server responded with a status of 500 (Internal Server Error) @ http://localhost:3001/_next/static/webpack/f8b1252d3b555901.webpack.hot-update.json:0
[    7080ms] [WARNING] [Fast Refresh] performing full reload

Fast Refresh will perform a full reload when you edit a file that's imported by modules outside of the React rendering tree.
You might have a file which exports a React component but also exports a value that is imported by a non-React component file.
Consider migrating the non-React component export to a separate file and importing it into both files.

It is also possible the parent component of the component you edited is a class component, which disables Fast Refresh.
Fast Refresh requires at least one parent function component in your React tree. @ webpack-internal:///./node_modules/next/dist/client/components/react-dev-overlay/pages/hot-reloader-client.js:347
[    7131ms] [ERROR] Failed to load resource: the server responded with a status of 500 (Internal Server Error) @ http://localhost:3001/login:0
[    7224ms] [INFO] %cDownload the React DevTools for a better development experience: https://reactjs.org/link/react-devtools font-weight:bold @ webpack-internal:///./node_modules/react-dom/cjs/react-dom.development.js:29889
[    7230ms] Error: Cannot find module './682.js'
Require stack:
- /Users/akshitsama/Desktop/Website/.next/server/webpack-runtime.js
- /Users/akshitsama/Desktop/Website/.next/server/pages/_document.js
- /Users/akshitsama/Desktop/Website/node_modules/next/dist/server/require.js
- /Users/akshitsama/Desktop/Website/node_modules/next/dist/server/load-components.js
- /Users/akshitsama/Desktop/Website/node_modules/next/dist/build/utils.js
- /Users/akshitsama/Desktop/Website/node_modules/next/dist/server/dev/hot-middleware.js
- /Users/akshitsama/Desktop/Website/node_modules/next/dist/server/dev/hot-reloader-webpack.js
- /Users/akshitsama/Desktop/Website/node_modules/next/dist/server/lib/router-utils/setup-dev-bundler.js
- /Users/akshitsama/Desktop/Website/node_modules/next/dist/server/lib/router-server.js
- /Users/akshitsama/Desktop/Website/node_modules/next/dist/server/lib/start-server.js
    at Function.<anonymous> (node:internal/modules/cjs/loader:1383:15)
    at <unknown> (file:///Users/akshitsama/Desktop/Website/node_modules/next/dist/server/require-hook.js:55:36)
    at defaultResolveImpl (node:internal/modules/cjs/loader:1025:19)
    at resolveForCJSWithHooks (node:internal/modules/cjs/loader:1030:22)
    at Function._load (node:internal/modules/cjs/loader:1192:37)
    at TracingChannel.traceSync (node:diagnostics_channel:328:14)
    at wrapModuleLoad (node:internal/modules/cjs/loader:237:24)
    at Module.<anonymous> (node:internal/modules/cjs/loader:1463:12)
    at mod.require (file:///Users/akshitsama/Desktop/Website/node_modules/next/dist/server/require-hook.js:65:28)
    at require (node:internal/modules/helpers:147:16)
    at __webpack_require__.f.require (file:///Users/akshitsama/Desktop/Website/.next/server/webpack-runtime.js:198:28)
    at <unknown> (file:///Users/akshitsama/Desktop/Website/.next/server/webpack-runtime.js:111:40)
    at Array.reduce (<anonymous>)
    at __webpack_require__.e (file:///Users/akshitsama/Desktop/Website/.next/server/webpack-runtime.js:110:67)
    at Array.map (<anonymous>)
    at __webpack_require__.X (file:///Users/akshitsama/Desktop/Website/.next/server/webpack-runtime.js:162:22)
    at <unknown> (file:///Users/akshitsama/Desktop/Website/.next/server/pages/_document.js:1:335)
    at Object.<anonymous> (file:///Users/akshitsama/Desktop/Website/.next/server/pages/_document.js:1:376)
    at Module._compile (node:internal/modules/cjs/loader:1705:14)
    at Object..js (node:internal/modules/cjs/loader:1838:10)
    at Module.load (node:internal/modules/cjs/loader:1441:32)
    at Function._load (node:internal/modules/cjs/loader:1263:12)
    at TracingChannel.traceSync (node:diagnostics_channel:328:14)
    at wrapModuleLoad (node:internal/modules/cjs/loader:237:24)
    at Module.<anonymous> (node:internal/modules/cjs/loader:1463:12)
    at mod.require (file:///Users/akshitsama/Desktop/Website/node_modules/next/dist/server/require-hook.js:65:28)
    at require (node:internal/modules/helpers:147:16)
    at requirePage (file:///Users/akshitsama/Desktop/Website/node_modules/next/dist/server/require.js:109:84)
    at <unknown> (file:///Users/akshitsama/Desktop/Website/node_modules/next/dist/server/load-components.js:72:65)
    at async loadComponentsImpl (file:///Users/akshitsama/Desktop/Website/node_modules/next/dist/server/load-components.js:71:33)
    at async DevServer.findPageComponentsImpl (file:///Users/akshitsama/Desktop/Website/node_modules/next/dist/server/next-server.js:714:36)
[    7229ms] [LOG] [HMR] connected @ webpack-internal:///./node_modules/next/dist/client/components/react-dev-overlay/pages/websocket.js:38
[    7449ms] [ERROR] Failed to load resource: the server responded with a status of 500 (Internal Server Error) @ http://localhost:3001/_next/static/webpack/f8b1252d3b555901.webpack.hot-update.json:0
[    7449ms] [WARNING] [Fast Refresh] performing full reload

Fast Refresh will perform a full reload when you edit a file that's imported by modules outside of the React rendering tree.
You might have a file which exports a React component but also exports a value that is imported by a non-React component file.
Consider migrating the non-React component export to a separate file and importing it into both files.

It is also possible the parent component of the component you edited is a class component, which disables Fast Refresh.
Fast Refresh requires at least one parent function component in your React tree. @ webpack-internal:///./node_modules/next/dist/client/components/react-dev-overlay/pages/hot-reloader-client.js:347
[    7493ms] [ERROR] Failed to load resource: the server responded with a status of 500 (Internal Server Error) @ http://localhost:3001/login:0
[    7586ms] [INFO] %cDownload the React DevTools for a better development experience: https://reactjs.org/link/react-devtools font-weight:bold @ webpack-internal:///./node_modules/react-dom/cjs/react-dom.development.js:29889
[    7590ms] Error: Cannot find module './682.js'
Require stack:
- /Users/akshitsama/Desktop/Website/.next/server/webpack-runtime.js
- /Users/akshitsama/Desktop/Website/.next/server/pages/_document.js
- /Users/akshitsama/Desktop/Website/node_modules/next/dist/server/require.js
- /Users/akshitsama/Desktop/Website/node_modules/next/dist/server/load-components.js
- /Users/akshitsama/Desktop/Website/node_modules/next/dist/build/utils.js
- /Users/akshitsama/Desktop/Website/node_modules/next/dist/server/dev/hot-middleware.js
- /Users/akshitsama/Desktop/Website/node_modules/next/dist/server/dev/hot-reloader-webpack.js
- /Users/akshitsama/Desktop/Website/node_modules/next/dist/server/lib/router-utils/setup-dev-bundler.js
- /Users/akshitsama/Desktop/Website/node_modules/next/dist/server/lib/router-server.js
- /Users/akshitsama/Desktop/Website/node_modules/next/dist/server/lib/start-server.js
    at Function.<anonymous> (node:internal/modules/cjs/loader:1383:15)
    at <unknown> (file:///Users/akshitsama/Desktop/Website/node_modules/next/dist/server/require-hook.js:55:36)
    at defaultResolveImpl (node:internal/modules/cjs/loader:1025:19)
    at resolveForCJSWithHooks (node:internal/modules/cjs/loader:1030:22)
    at Function._load (node:internal/modules/cjs/loader:1192:37)
    at TracingChannel.traceSync (node:diagnostics_channel:328:14)
    at wrapModuleLoad (node:internal/modules/cjs/loader:237:24)
    at Module.<anonymous> (node:internal/modules/cjs/loader:1463:12)
    at mod.require (file:///Users/akshitsama/Desktop/Website/node_modules/next/dist/server/require-hook.js:65:28)
    at require (node:internal/modules/helpers:147:16)
    at __webpack_require__.f.require (file:///Users/akshitsama/Desktop/Website/.next/server/webpack-runtime.js:198:28)
    at <unknown> (file:///Users/akshitsama/Desktop/Website/.next/server/webpack-runtime.js:111:40)
    at Array.reduce (<anonymous>)
    at __webpack_require__.e (file:///Users/akshitsama/Desktop/Website/.next/server/webpack-runtime.js:110:67)
    at Array.map (<anonymous>)
    at __webpack_require__.X (file:///Users/akshitsama/Desktop/Website/.next/server/webpack-runtime.js:162:22)
    at <unknown> (file:///Users/akshitsama/Desktop/Website/.next/server/pages/_document.js:1:335)
    at Object.<anonymous> (file:///Users/akshitsama/Desktop/Website/.next/server/pages/_document.js:1:376)
    at Module._compile (node:internal/modules/cjs/loader:1705:14)
    at Object..js (node:internal/modules/cjs/loader:1838:10)
    at Module.load (node:internal/modules/cjs/loader:1441:32)
    at Function._load (node:internal/modules/cjs/loader:1263:12)
    at TracingChannel.traceSync (node:diagnostics_channel:328:14)
    at wrapModuleLoad (node:internal/modules/cjs/loader:237:24)
    at Module.<anonymous> (node:internal/modules/cjs/loader:1463:12)
    at mod.require (file:///Users/akshitsama/Desktop/Website/node_modules/next/dist/server/require-hook.js:65:28)
    at require (node:internal/modules/helpers:147:16)
    at requirePage (file:///Users/akshitsama/Desktop/Website/node_modules/next/dist/server/require.js:109:84)
    at <unknown> (file:///Users/akshitsama/Desktop/Website/node_modules/next/dist/server/load-components.js:72:65)
    at async loadComponentsImpl (file:///Users/akshitsama/Desktop/Website/node_modules/next/dist/server/load-components.js:71:33)
    at async DevServer.findPageComponentsImpl (file:///Users/akshitsama/Desktop/Website/node_modules/next/dist/server/next-server.js:714:36)
[    7590ms] [LOG] [HMR] connected @ webpack-internal:///./node_modules/next/dist/client/components/react-dev-overlay/pages/websocket.js:38
[    7777ms] [ERROR] Failed to load resource: the server responded with a status of 500 (Internal Server Error) @ http://localhost:3001/_next/static/webpack/f8b1252d3b555901.webpack.hot-update.json:0
[    7777ms] [WARNING] [Fast Refresh] performing full reload

Fast Refresh will perform a full reload when you edit a file that's imported by modules outside of the React rendering tree.
You might have a file which exports a React component but also exports a value that is imported by a non-React component file.
Consider migrating the non-React component export to a separate file and importing it into both files.

It is also possible the parent component of the component you edited is a class component, which disables Fast Refresh.
Fast Refresh requires at least one parent function component in your React tree. @ webpack-internal:///./node_modules/next/dist/client/components/react-dev-overlay/pages/hot-reloader-client.js:347
[    7813ms] [ERROR] Failed to load resource: the server responded with a status of 500 (Internal Server Error) @ http://localhost:3001/login:0
[    7901ms] [INFO] %cDownload the React DevTools for a better development experience: https://reactjs.org/link/react-devtools font-weight:bold @ webpack-internal:///./node_modules/react-dom/cjs/react-dom.development.js:29889
[    7910ms] Error: Cannot find module './682.js'
Require stack:
- /Users/akshitsama/Desktop/Website/.next/server/webpack-runtime.js
- /Users/akshitsama/Desktop/Website/.next/server/pages/_document.js
- /Users/akshitsama/Desktop/Website/node_modules/next/dist/server/require.js
- /Users/akshitsama/Desktop/Website/node_modules/next/dist/server/load-components.js
- /Users/akshitsama/Desktop/Website/node_modules/next/dist/build/utils.js
- /Users/akshitsama/Desktop/Website/node_modules/next/dist/server/dev/hot-middleware.js
- /Users/akshitsama/Desktop/Website/node_modules/next/dist/server/dev/hot-reloader-webpack.js
- /Users/akshitsama/Desktop/Website/node_modules/next/dist/server/lib/router-utils/setup-dev-bundler.js
- /Users/akshitsama/Desktop/Website/node_modules/next/dist/server/lib/router-server.js
- /Users/akshitsama/Desktop/Website/node_modules/next/dist/server/lib/start-server.js
    at Function.<anonymous> (node:internal/modules/cjs/loader:1383:15)
    at <unknown> (file:///Users/akshitsama/Desktop/Website/node_modules/next/dist/server/require-hook.js:55:36)
    at defaultResolveImpl (node:internal/modules/cjs/loader:1025:19)
    at resolveForCJSWithHooks (node:internal/modules/cjs/loader:1030:22)
    at Function._load (node:internal/modules/cjs/loader:1192:37)
    at TracingChannel.traceSync (node:diagnostics_channel:328:14)
    at wrapModuleLoad (node:internal/modules/cjs/loader:237:24)
    at Module.<anonymous> (node:internal/modules/cjs/loader:1463:12)
    at mod.require (file:///Users/akshitsama/Desktop/Website/node_modules/next/dist/server/require-hook.js:65:28)
    at require (node:internal/modules/helpers:147:16)
    at __webpack_require__.f.require (file:///Users/akshitsama/Desktop/Website/.next/server/webpack-runtime.js:198:28)
    at <unknown> (file:///Users/akshitsama/Desktop/Website/.next/server/webpack-runtime.js:111:40)
    at Array.reduce (<anonymous>)
    at __webpack_require__.e (file:///Users/akshitsama/Desktop/Website/.next/server/webpack-runtime.js:110:67)
    at Array.map (<anonymous>)
    at __webpack_require__.X (file:///Users/akshitsama/Desktop/Website/.next/server/webpack-runtime.js:162:22)
    at <unknown> (file:///Users/akshitsama/Desktop/Website/.next/server/pages/_document.js:1:335)
    at Object.<anonymous> (file:///Users/akshitsama/Desktop/Website/.next/server/pages/_document.js:1:376)
    at Module._compile (node:internal/modules/cjs/loader:1705:14)
    at Object..js (node:internal/modules/cjs/loader:1838:10)
    at Module.load (node:internal/modules/cjs/loader:1441:32)
    at Function._load (node:internal/modules/cjs/loader:1263:12)
    at TracingChannel.traceSync (node:diagnostics_channel:328:14)
    at wrapModuleLoad (node:internal/modules/cjs/loader:237:24)
    at Module.<anonymous> (node:internal/modules/cjs/loader:1463:12)
    at mod.require (file:///Users/akshitsama/Desktop/Website/node_modules/next/dist/server/require-hook.js:65:28)
    at require (node:internal/modules/helpers:147:16)
    at requirePage (file:///Users/akshitsama/Desktop/Website/node_modules/next/dist/server/require.js:109:84)
    at <unknown> (file:///Users/akshitsama/Desktop/Website/node_modules/next/dist/server/load-components.js:72:65)
    at async loadComponentsImpl (file:///Users/akshitsama/Desktop/Website/node_modules/next/dist/server/load-components.js:71:33)
    at async DevServer.findPageComponentsImpl (file:///Users/akshitsama/Desktop/Website/node_modules/next/dist/server/next-server.js:714:36)
[    7908ms] [LOG] [HMR] connected @ webpack-internal:///./node_modules/next/dist/client/components/react-dev-overlay/pages/websocket.js:38
[    8181ms] [ERROR] Failed to load resource: the server responded with a status of 500 (Internal Server Error) @ http://localhost:3001/_next/static/webpack/f8b1252d3b555901.webpack.hot-update.json:0
[    8181ms] [WARNING] [Fast Refresh] performing full reload

Fast Refresh will perform a full reload when you edit a file that's imported by modules outside of the React rendering tree.
You might have a file which exports a React component but also exports a value that is imported by a non-React component file.
Consider migrating the non-React component export to a separate file and importing it into both files.

It is also possible the parent component of the component you edited is a class component, which disables Fast Refresh.
Fast Refresh requires at least one parent function component in your React tree. @ webpack-internal:///./node_modules/next/dist/client/components/react-dev-overlay/pages/hot-reloader-client.js:347
[    8223ms] [ERROR] Failed to load resource: the server responded with a status of 500 (Internal Server Error) @ http://localhost:3001/login:0
[    8326ms] [INFO] %cDownload the React DevTools for a better development experience: https://reactjs.org/link/react-devtools font-weight:bold @ webpack-internal:///./node_modules/react-dom/cjs/react-dom.development.js:29889
[    8333ms] Error: Cannot find module './682.js'
Require stack:
- /Users/akshitsama/Desktop/Website/.next/server/webpack-runtime.js
- /Users/akshitsama/Desktop/Website/.next/server/pages/_document.js
- /Users/akshitsama/Desktop/Website/node_modules/next/dist/server/require.js
- /Users/akshitsama/Desktop/Website/node_modules/next/dist/server/load-components.js
- /Users/akshitsama/Desktop/Website/node_modules/next/dist/build/utils.js
- /Users/akshitsama/Desktop/Website/node_modules/next/dist/server/dev/hot-middleware.js
- /Users/akshitsama/Desktop/Website/node_modules/next/dist/server/dev/hot-reloader-webpack.js
- /Users/akshitsama/Desktop/Website/node_modules/next/dist/server/lib/router-utils/setup-dev-bundler.js
- /Users/akshitsama/Desktop/Website/node_modules/next/dist/server/lib/router-server.js
- /Users/akshitsama/Desktop/Website/node_modules/next/dist/server/lib/start-server.js
    at Function.<anonymous> (node:internal/modules/cjs/loader:1383:15)
    at <unknown> (file:///Users/akshitsama/Desktop/Website/node_modules/next/dist/server/require-hook.js:55:36)
    at defaultResolveImpl (node:internal/modules/cjs/loader:1025:19)
    at resolveForCJSWithHooks (node:internal/modules/cjs/loader:1030:22)
    at Function._load (node:internal/modules/cjs/loader:1192:37)
    at TracingChannel.traceSync (node:diagnostics_channel:328:14)
    at wrapModuleLoad (node:internal/modules/cjs/loader:237:24)
    at Module.<anonymous> (node:internal/modules/cjs/loader:1463:12)
    at mod.require (file:///Users/akshitsama/Desktop/Website/node_modules/next/dist/server/require-hook.js:65:28)
    at require (node:internal/modules/helpers:147:16)
    at __webpack_require__.f.require (file:///Users/akshitsama/Desktop/Website/.next/server/webpack-runtime.js:198:28)
    at <unknown> (file:///Users/akshitsama/Desktop/Website/.next/server/webpack-runtime.js:111:40)
    at Array.reduce (<anonymous>)
    at __webpack_require__.e (file:///Users/akshitsama/Desktop/Website/.next/server/webpack-runtime.js:110:67)
    at Array.map (<anonymous>)
    at __webpack_require__.X (file:///Users/akshitsama/Desktop/Website/.next/server/webpack-runtime.js:162:22)
    at <unknown> (file:///Users/akshitsama/Desktop/Website/.next/server/pages/_document.js:1:335)
    at Object.<anonymous> (file:///Users/akshitsama/Desktop/Website/.next/server/pages/_document.js:1:376)
    at Module._compile (node:internal/modules/cjs/loader:1705:14)
    at Object..js (node:internal/modules/cjs/loader:1838:10)
    at Module.load (node:internal/modules/cjs/loader:1441:32)
    at Function._load (node:internal/modules/cjs/loader:1263:12)
    at TracingChannel.traceSync (node:diagnostics_channel:328:14)
    at wrapModuleLoad (node:internal/modules/cjs/loader:237:24)
    at Module.<anonymous> (node:internal/modules/cjs/loader:1463:12)
    at mod.require (file:///Users/akshitsama/Desktop/Website/node_modules/next/dist/server/require-hook.js:65:28)
    at require (node:internal/modules/helpers:147:16)
    at requirePage (file:///Users/akshitsama/Desktop/Website/node_modules/next/dist/server/require.js:109:84)
    at <unknown> (file:///Users/akshitsama/Desktop/Website/node_modules/next/dist/server/load-components.js:72:65)
    at async loadComponentsImpl (file:///Users/akshitsama/Desktop/Website/node_modules/next/dist/server/load-components.js:71:33)
    at async DevServer.findPageComponentsImpl (file:///Users/akshitsama/Desktop/Website/node_modules/next/dist/server/next-server.js:714:36)
[    8331ms] [LOG] [HMR] connected @ webpack-internal:///./node_modules/next/dist/client/components/react-dev-overlay/pages/websocket.js:38
[    8545ms] [ERROR] Failed to load resource: the server responded with a status of 500 (Internal Server Error) @ http://localhost:3001/_next/static/webpack/f8b1252d3b555901.webpack.hot-update.json:0
[    8546ms] [WARNING] [Fast Refresh] performing full reload

Fast Refresh will perform a full reload when you edit a file that's imported by modules outside of the React rendering tree.
You might have a file which exports a React component but also exports a value that is imported by a non-React component file.
Consider migrating the non-React component export to a separate file and importing it into both files.

It is also possible the parent component of the component you edited is a class component, which disables Fast Refresh.
Fast Refresh requires at least one parent function component in your React tree. @ webpack-internal:///./node_modules/next/dist/client/components/react-dev-overlay/pages/hot-reloader-client.js:347
[    8633ms] [ERROR] Failed to load resource: the server responded with a status of 500 (Internal Server Error) @ http://localhost:3001/login:0
[    8733ms] [INFO] %cDownload the React DevTools for a better development experience: https://reactjs.org/link/react-devtools font-weight:bold @ webpack-internal:///./node_modules/react-dom/cjs/react-dom.development.js:29889
[    8758ms] Error: Cannot find module './682.js'
Require stack:
- /Users/akshitsama/Desktop/Website/.next/server/webpack-runtime.js
- /Users/akshitsama/Desktop/Website/.next/server/pages/_document.js
- /Users/akshitsama/Desktop/Website/node_modules/next/dist/server/require.js
- /Users/akshitsama/Desktop/Website/node_modules/next/dist/server/load-components.js
- /Users/akshitsama/Desktop/Website/node_modules/next/dist/build/utils.js
- /Users/akshitsama/Desktop/Website/node_modules/next/dist/server/dev/hot-middleware.js
- /Users/akshitsama/Desktop/Website/node_modules/next/dist/server/dev/hot-reloader-webpack.js
- /Users/akshitsama/Desktop/Website/node_modules/next/dist/server/lib/router-utils/setup-dev-bundler.js
- /Users/akshitsama/Desktop/Website/node_modules/next/dist/server/lib/router-server.js
- /Users/akshitsama/Desktop/Website/node_modules/next/dist/server/lib/start-server.js
    at Function.<anonymous> (node:internal/modules/cjs/loader:1383:15)
    at <unknown> (file:///Users/akshitsama/Desktop/Website/node_modules/next/dist/server/require-hook.js:55:36)
    at defaultResolveImpl (node:internal/modules/cjs/loader:1025:19)
    at resolveForCJSWithHooks (node:internal/modules/cjs/loader:1030:22)
    at Function._load (node:internal/modules/cjs/loader:1192:37)
    at TracingChannel.traceSync (node:diagnostics_channel:328:14)
    at wrapModuleLoad (node:internal/modules/cjs/loader:237:24)
    at Module.<anonymous> (node:internal/modules/cjs/loader:1463:12)
    at mod.require (file:///Users/akshitsama/Desktop/Website/node_modules/next/dist/server/require-hook.js:65:28)
    at require (node:internal/modules/helpers:147:16)
    at __webpack_require__.f.require (file:///Users/akshitsama/Desktop/Website/.next/server/webpack-runtime.js:198:28)
    at <unknown> (file:///Users/akshitsama/Desktop/Website/.next/server/webpack-runtime.js:111:40)
    at Array.reduce (<anonymous>)
    at __webpack_require__.e (file:///Users/akshitsama/Desktop/Website/.next/server/webpack-runtime.js:110:67)
    at Array.map (<anonymous>)
    at __webpack_require__.X (file:///Users/akshitsama/Desktop/Website/.next/server/webpack-runtime.js:162:22)
    at <unknown> (file:///Users/akshitsama/Desktop/Website/.next/server/pages/_document.js:1:335)
    at Object.<anonymous> (file:///Users/akshitsama/Desktop/Website/.next/server/pages/_document.js:1:376)
    at Module._compile (node:internal/modules/cjs/loader:1705:14)
    at Object..js (node:internal/modules/cjs/loader:1838:10)
    at Module.load (node:internal/modules/cjs/loader:1441:32)
    at Function._load (node:internal/modules/cjs/loader:1263:12)
    at TracingChannel.traceSync (node:diagnostics_channel:328:14)
    at wrapModuleLoad (node:internal/modules/cjs/loader:237:24)
    at Module.<anonymous> (node:internal/modules/cjs/loader:1463:12)
    at mod.require (file:///Users/akshitsama/Desktop/Website/node_modules/next/dist/server/require-hook.js:65:28)
    at require (node:internal/modules/helpers:147:16)
    at requirePage (file:///Users/akshitsama/Desktop/Website/node_modules/next/dist/server/require.js:109:84)
    at <unknown> (file:///Users/akshitsama/Desktop/Website/node_modules/next/dist/server/load-components.js:72:65)
    at async loadComponentsImpl (file:///Users/akshitsama/Desktop/Website/node_modules/next/dist/server/load-components.js:71:33)
    at async DevServer.findPageComponentsImpl (file:///Users/akshitsama/Desktop/Website/node_modules/next/dist/server/next-server.js:714:36)
[    8748ms] [LOG] [HMR] connected @ webpack-internal:///./node_modules/next/dist/client/components/react-dev-overlay/pages/websocket.js:38
[    8964ms] [ERROR] Failed to load resource: the server responded with a status of 500 (Internal Server Error) @ http://localhost:3001/_next/static/webpack/f8b1252d3b555901.webpack.hot-update.json:0
[    8964ms] [WARNING] [Fast Refresh] performing full reload

Fast Refresh will perform a full reload when you edit a file that's imported by modules outside of the React rendering tree.
You might have a file which exports a React component but also exports a value that is imported by a non-React component file.
Consider migrating the non-React component export to a separate file and importing it into both files.

It is also possible the parent component of the component you edited is a class component, which disables Fast Refresh.
Fast Refresh requires at least one parent function component in your React tree. @ webpack-internal:///./node_modules/next/dist/client/components/react-dev-overlay/pages/hot-reloader-client.js:347
[    9018ms] [ERROR] Failed to load resource: the server responded with a status of 500 (Internal Server Error) @ http://localhost:3001/login:0
[    9109ms] [INFO] %cDownload the React DevTools for a better development experience: https://reactjs.org/link/react-devtools font-weight:bold @ webpack-internal:///./node_modules/react-dom/cjs/react-dom.development.js:29889
[    9114ms] Error: Cannot find module './682.js'
Require stack:
- /Users/akshitsama/Desktop/Website/.next/server/webpack-runtime.js
- /Users/akshitsama/Desktop/Website/.next/server/pages/_document.js
- /Users/akshitsama/Desktop/Website/node_modules/next/dist/server/require.js
- /Users/akshitsama/Desktop/Website/node_modules/next/dist/server/load-components.js
- /Users/akshitsama/Desktop/Website/node_modules/next/dist/build/utils.js
- /Users/akshitsama/Desktop/Website/node_modules/next/dist/server/dev/hot-middleware.js
- /Users/akshitsama/Desktop/Website/node_modules/next/dist/server/dev/hot-reloader-webpack.js
- /Users/akshitsama/Desktop/Website/node_modules/next/dist/server/lib/router-utils/setup-dev-bundler.js
- /Users/akshitsama/Desktop/Website/node_modules/next/dist/server/lib/router-server.js
- /Users/akshitsama/Desktop/Website/node_modules/next/dist/server/lib/start-server.js
    at Function.<anonymous> (node:internal/modules/cjs/loader:1383:15)
    at <unknown> (file:///Users/akshitsama/Desktop/Website/node_modules/next/dist/server/require-hook.js:55:36)
    at defaultResolveImpl (node:internal/modules/cjs/loader:1025:19)
    at resolveForCJSWithHooks (node:internal/modules/cjs/loader:1030:22)
    at Function._load (node:internal/modules/cjs/loader:1192:37)
    at TracingChannel.traceSync (node:diagnostics_channel:328:14)
    at wrapModuleLoad (node:internal/modules/cjs/loader:237:24)
    at Module.<anonymous> (node:internal/modules/cjs/loader:1463:12)
    at mod.require (file:///Users/akshitsama/Desktop/Website/node_modules/next/dist/server/require-hook.js:65:28)
    at require (node:internal/modules/helpers:147:16)
    at __webpack_require__.f.require (file:///Users/akshitsama/Desktop/Website/.next/server/webpack-runtime.js:198:28)
    at <unknown> (file:///Users/akshitsama/Desktop/Website/.next/server/webpack-runtime.js:111:40)
    at Array.reduce (<anonymous>)
    at __webpack_require__.e (file:///Users/akshitsama/Desktop/Website/.next/server/webpack-runtime.js:110:67)
    at Array.map (<anonymous>)
    at __webpack_require__.X (file:///Users/akshitsama/Desktop/Website/.next/server/webpack-runtime.js:162:22)
    at <unknown> (file:///Users/akshitsama/Desktop/Website/.next/server/pages/_document.js:1:335)
    at Object.<anonymous> (file:///Users/akshitsama/Desktop/Website/.next/server/pages/_document.js:1:376)
    at Module._compile (node:internal/modules/cjs/loader:1705:14)
    at Object..js (node:internal/modules/cjs/loader:1838:10)
    at Module.load (node:internal/modules/cjs/loader:1441:32)
    at Function._load (node:internal/modules/cjs/loader:1263:12)
    at TracingChannel.traceSync (node:diagnostics_channel:328:14)
    at wrapModuleLoad (node:internal/modules/cjs/loader:237:24)
    at Module.<anonymous> (node:internal/modules/cjs/loader:1463:12)
    at mod.require (file:///Users/akshitsama/Desktop/Website/node_modules/next/dist/server/require-hook.js:65:28)
    at require (node:internal/modules/helpers:147:16)
    at requirePage (file:///Users/akshitsama/Desktop/Website/node_modules/next/dist/server/require.js:109:84)
    at <unknown> (file:///Users/akshitsama/Desktop/Website/node_modules/next/dist/server/load-components.js:72:65)
    at async loadComponentsImpl (file:///Users/akshitsama/Desktop/Website/node_modules/next/dist/server/load-components.js:71:33)
    at async DevServer.findPageComponentsImpl (file:///Users/akshitsama/Desktop/Website/node_modules/next/dist/server/next-server.js:714:36)
[    9114ms] [LOG] [HMR] connected @ webpack-internal:///./node_modules/next/dist/client/components/react-dev-overlay/pages/websocket.js:38
[    9293ms] [ERROR] Failed to load resource: the server responded with a status of 500 (Internal Server Error) @ http://localhost:3001/_next/static/webpack/f8b1252d3b555901.webpack.hot-update.json:0
[    9293ms] [WARNING] [Fast Refresh] performing full reload

Fast Refresh will perform a full reload when you edit a file that's imported by modules outside of the React rendering tree.
You might have a file which exports a React component but also exports a value that is imported by a non-React component file.
Consider migrating the non-React component export to a separate file and importing it into both files.

It is also possible the parent component of the component you edited is a class component, which disables Fast Refresh.
Fast Refresh requires at least one parent function component in your React tree. @ webpack-internal:///./node_modules/next/dist/client/components/react-dev-overlay/pages/hot-reloader-client.js:347
[    9345ms] [ERROR] Failed to load resource: the server responded with a status of 500 (Internal Server Error) @ http://localhost:3001/login:0
[    9461ms] [INFO] %cDownload the React DevTools for a better development experience: https://reactjs.org/link/react-devtools font-weight:bold @ webpack-internal:///./node_modules/react-dom/cjs/react-dom.development.js:29889
[    9469ms] Error: Cannot find module './682.js'
Require stack:
- /Users/akshitsama/Desktop/Website/.next/server/webpack-runtime.js
- /Users/akshitsama/Desktop/Website/.next/server/pages/_document.js
- /Users/akshitsama/Desktop/Website/node_modules/next/dist/server/require.js
- /Users/akshitsama/Desktop/Website/node_modules/next/dist/server/load-components.js
- /Users/akshitsama/Desktop/Website/node_modules/next/dist/build/utils.js
- /Users/akshitsama/Desktop/Website/node_modules/next/dist/server/dev/hot-middleware.js
- /Users/akshitsama/Desktop/Website/node_modules/next/dist/server/dev/hot-reloader-webpack.js
- /Users/akshitsama/Desktop/Website/node_modules/next/dist/server/lib/router-utils/setup-dev-bundler.js
- /Users/akshitsama/Desktop/Website/node_modules/next/dist/server/lib/router-server.js
- /Users/akshitsama/Desktop/Website/node_modules/next/dist/server/lib/start-server.js
    at Function.<anonymous> (node:internal/modules/cjs/loader:1383:15)
    at <unknown> (file:///Users/akshitsama/Desktop/Website/node_modules/next/dist/server/require-hook.js:55:36)
    at defaultResolveImpl (node:internal/modules/cjs/loader:1025:19)
    at resolveForCJSWithHooks (node:internal/modules/cjs/loader:1030:22)
    at Function._load (node:internal/modules/cjs/loader:1192:37)
    at TracingChannel.traceSync (node:diagnostics_channel:328:14)
    at wrapModuleLoad (node:internal/modules/cjs/loader:237:24)
    at Module.<anonymous> (node:internal/modules/cjs/loader:1463:12)
    at mod.require (file:///Users/akshitsama/Desktop/Website/node_modules/next/dist/server/require-hook.js:65:28)
    at require (node:internal/modules/helpers:147:16)
    at __webpack_require__.f.require (file:///Users/akshitsama/Desktop/Website/.next/server/webpack-runtime.js:198:28)
    at <unknown> (file:///Users/akshitsama/Desktop/Website/.next/server/webpack-runtime.js:111:40)
    at Array.reduce (<anonymous>)
    at __webpack_require__.e (file:///Users/akshitsama/Desktop/Website/.next/server/webpack-runtime.js:110:67)
    at Array.map (<anonymous>)
    at __webpack_require__.X (file:///Users/akshitsama/Desktop/Website/.next/server/webpack-runtime.js:162:22)
    at <unknown> (file:///Users/akshitsama/Desktop/Website/.next/server/pages/_document.js:1:335)
    at Object.<anonymous> (file:///Users/akshitsama/Desktop/Website/.next/server/pages/_document.js:1:376)
    at Module._compile (node:internal/modules/cjs/loader:1705:14)
    at Object..js (node:internal/modules/cjs/loader:1838:10)
    at Module.load (node:internal/modules/cjs/loader:1441:32)
    at Function._load (node:internal/modules/cjs/loader:1263:12)
    at TracingChannel.traceSync (node:diagnostics_channel:328:14)
    at wrapModuleLoad (node:internal/modules/cjs/loader:237:24)
    at Module.<anonymous> (node:internal/modules/cjs/loader:1463:12)
    at mod.require (file:///Users/akshitsama/Desktop/Website/node_modules/next/dist/server/require-hook.js:65:28)
    at require (node:internal/modules/helpers:147:16)
    at requirePage (file:///Users/akshitsama/Desktop/Website/node_modules/next/dist/server/require.js:109:84)
    at <unknown> (file:///Users/akshitsama/Desktop/Website/node_modules/next/dist/server/load-components.js:72:65)
    at async loadComponentsImpl (file:///Users/akshitsama/Desktop/Website/node_modules/next/dist/server/load-components.js:71:33)
    at async DevServer.findPageComponentsImpl (file:///Users/akshitsama/Desktop/Website/node_modules/next/dist/server/next-server.js:714:36)
[    9467ms] [LOG] [HMR] connected @ webpack-internal:///./node_modules/next/dist/client/components/react-dev-overlay/pages/websocket.js:38
[    9647ms] [ERROR] Failed to load resource: the server responded with a status of 500 (Internal Server Error) @ http://localhost:3001/_next/static/webpack/f8b1252d3b555901.webpack.hot-update.json:0
[    9647ms] [WARNING] [Fast Refresh] performing full reload

Fast Refresh will perform a full reload when you edit a file that's imported by modules outside of the React rendering tree.
You might have a file which exports a React component but also exports a value that is imported by a non-React component file.
Consider migrating the non-React component export to a separate file and importing it into both files.

It is also possible the parent component of the component you edited is a class component, which disables Fast Refresh.
Fast Refresh requires at least one parent function component in your React tree. @ webpack-internal:///./node_modules/next/dist/client/components/react-dev-overlay/pages/hot-reloader-client.js:347
[    9689ms] [ERROR] Failed to load resource: the server responded with a status of 500 (Internal Server Error) @ http://localhost:3001/login:0
[    9783ms] [INFO] %cDownload the React DevTools for a better development experience: https://reactjs.org/link/react-devtools font-weight:bold @ webpack-internal:///./node_modules/react-dom/cjs/react-dom.development.js:29889
[    9791ms] Error: Cannot find module './682.js'
Require stack:
- /Users/akshitsama/Desktop/Website/.next/server/webpack-runtime.js
- /Users/akshitsama/Desktop/Website/.next/server/pages/_document.js
- /Users/akshitsama/Desktop/Website/node_modules/next/dist/server/require.js
- /Users/akshitsama/Desktop/Website/node_modules/next/dist/server/load-components.js
- /Users/akshitsama/Desktop/Website/node_modules/next/dist/build/utils.js
- /Users/akshitsama/Desktop/Website/node_modules/next/dist/server/dev/hot-middleware.js
- /Users/akshitsama/Desktop/Website/node_modules/next/dist/server/dev/hot-reloader-webpack.js
- /Users/akshitsama/Desktop/Website/node_modules/next/dist/server/lib/router-utils/setup-dev-bundler.js
- /Users/akshitsama/Desktop/Website/node_modules/next/dist/server/lib/router-server.js
- /Users/akshitsama/Desktop/Website/node_modules/next/dist/server/lib/start-server.js
    at Function.<anonymous> (node:internal/modules/cjs/loader:1383:15)
    at <unknown> (file:///Users/akshitsama/Desktop/Website/node_modules/next/dist/server/require-hook.js:55:36)
    at defaultResolveImpl (node:internal/modules/cjs/loader:1025:19)
    at resolveForCJSWithHooks (node:internal/modules/cjs/loader:1030:22)
    at Function._load (node:internal/modules/cjs/loader:1192:37)
    at TracingChannel.traceSync (node:diagnostics_channel:328:14)
    at wrapModuleLoad (node:internal/modules/cjs/loader:237:24)
    at Module.<anonymous> (node:internal/modules/cjs/loader:1463:12)
    at mod.require (file:///Users/akshitsama/Desktop/Website/node_modules/next/dist/server/require-hook.js:65:28)
    at require (node:internal/modules/helpers:147:16)
    at __webpack_require__.f.require (file:///Users/akshitsama/Desktop/Website/.next/server/webpack-runtime.js:198:28)
    at <unknown> (file:///Users/akshitsama/Desktop/Website/.next/server/webpack-runtime.js:111:40)
    at Array.reduce (<anonymous>)
    at __webpack_require__.e (file:///Users/akshitsama/Desktop/Website/.next/server/webpack-runtime.js:110:67)
    at Array.map (<anonymous>)
    at __webpack_require__.X (file:///Users/akshitsama/Desktop/Website/.next/server/webpack-runtime.js:162:22)
    at <unknown> (file:///Users/akshitsama/Desktop/Website/.next/server/pages/_document.js:1:335)
    at Object.<anonymous> (file:///Users/akshitsama/Desktop/Website/.next/server/pages/_document.js:1:376)
    at Module._compile (node:internal/modules/cjs/loader:1705:14)
    at Object..js (node:internal/modules/cjs/loader:1838:10)
    at Module.load (node:internal/modules/cjs/loader:1441:32)
    at Function._load (node:internal/modules/cjs/loader:1263:12)
    at TracingChannel.traceSync (node:diagnostics_channel:328:14)
    at wrapModuleLoad (node:internal/modules/cjs/loader:237:24)
    at Module.<anonymous> (node:internal/modules/cjs/loader:1463:12)
    at mod.require (file:///Users/akshitsama/Desktop/Website/node_modules/next/dist/server/require-hook.js:65:28)
    at require (node:internal/modules/helpers:147:16)
    at requirePage (file:///Users/akshitsama/Desktop/Website/node_modules/next/dist/server/require.js:109:84)
    at <unknown> (file:///Users/akshitsama/Desktop/Website/node_modules/next/dist/server/load-components.js:72:65)
    at async loadComponentsImpl (file:///Users/akshitsama/Desktop/Website/node_modules/next/dist/server/load-components.js:71:33)
    at async DevServer.findPageComponentsImpl (file:///Users/akshitsama/Desktop/Website/node_modules/next/dist/server/next-server.js:714:36)
[    9788ms] [LOG] [HMR] connected @ webpack-internal:///./node_modules/next/dist/client/components/react-dev-overlay/pages/websocket.js:38
[    9972ms] [ERROR] Failed to load resource: the server responded with a status of 500 (Internal Server Error) @ http://localhost:3001/_next/static/webpack/f8b1252d3b555901.webpack.hot-update.json:0
[    9972ms] [WARNING] [Fast Refresh] performing full reload

Fast Refresh will perform a full reload when you edit a file that's imported by modules outside of the React rendering tree.
You might have a file which exports a React component but also exports a value that is imported by a non-React component file.
Consider migrating the non-React component export to a separate file and importing it into both files.

It is also possible the parent component of the component you edited is a class component, which disables Fast Refresh.
Fast Refresh requires at least one parent function component in your React tree. @ webpack-internal:///./node_modules/next/dist/client/components/react-dev-overlay/pages/hot-reloader-client.js:347
[   10036ms] [ERROR] Failed to load resource: the server responded with a status of 500 (Internal Server Error) @ http://localhost:3001/login:0
[   10122ms] [INFO] %cDownload the React DevTools for a better development experience: https://reactjs.org/link/react-devtools font-weight:bold @ webpack-internal:///./node_modules/react-dom/cjs/react-dom.development.js:29889
[   10127ms] Error: Cannot find module './682.js'
Require stack:
- /Users/akshitsama/Desktop/Website/.next/server/webpack-runtime.js
- /Users/akshitsama/Desktop/Website/.next/server/pages/_document.js
- /Users/akshitsama/Desktop/Website/node_modules/next/dist/server/require.js
- /Users/akshitsama/Desktop/Website/node_modules/next/dist/server/load-components.js
- /Users/akshitsama/Desktop/Website/node_modules/next/dist/build/utils.js
- /Users/akshitsama/Desktop/Website/node_modules/next/dist/server/dev/hot-middleware.js
- /Users/akshitsama/Desktop/Website/node_modules/next/dist/server/dev/hot-reloader-webpack.js
- /Users/akshitsama/Desktop/Website/node_modules/next/dist/server/lib/router-utils/setup-dev-bundler.js
- /Users/akshitsama/Desktop/Website/node_modules/next/dist/server/lib/router-server.js
- /Users/akshitsama/Desktop/Website/node_modules/next/dist/server/lib/start-server.js
    at Function.<anonymous> (node:internal/modules/cjs/loader:1383:15)
    at <unknown> (file:///Users/akshitsama/Desktop/Website/node_modules/next/dist/server/require-hook.js:55:36)
    at defaultResolveImpl (node:internal/modules/cjs/loader:1025:19)
    at resolveForCJSWithHooks (node:internal/modules/cjs/loader:1030:22)
    at Function._load (node:internal/modules/cjs/loader:1192:37)
    at TracingChannel.traceSync (node:diagnostics_channel:328:14)
    at wrapModuleLoad (node:internal/modules/cjs/loader:237:24)
    at Module.<anonymous> (node:internal/modules/cjs/loader:1463:12)
    at mod.require (file:///Users/akshitsama/Desktop/Website/node_modules/next/dist/server/require-hook.js:65:28)
    at require (node:internal/modules/helpers:147:16)
    at __webpack_require__.f.require (file:///Users/akshitsama/Desktop/Website/.next/server/webpack-runtime.js:198:28)
    at <unknown> (file:///Users/akshitsama/Desktop/Website/.next/server/webpack-runtime.js:111:40)
    at Array.reduce (<anonymous>)
    at __webpack_require__.e (file:///Users/akshitsama/Desktop/Website/.next/server/webpack-runtime.js:110:67)
    at Array.map (<anonymous>)
    at __webpack_require__.X (file:///Users/akshitsama/Desktop/Website/.next/server/webpack-runtime.js:162:22)
    at <unknown> (file:///Users/akshitsama/Desktop/Website/.next/server/pages/_document.js:1:335)
    at Object.<anonymous> (file:///Users/akshitsama/Desktop/Website/.next/server/pages/_document.js:1:376)
    at Module._compile (node:internal/modules/cjs/loader:1705:14)
    at Object..js (node:internal/modules/cjs/loader:1838:10)
    at Module.load (node:internal/modules/cjs/loader:1441:32)
    at Function._load (node:internal/modules/cjs/loader:1263:12)
    at TracingChannel.traceSync (node:diagnostics_channel:328:14)
    at wrapModuleLoad (node:internal/modules/cjs/loader:237:24)
    at Module.<anonymous> (node:internal/modules/cjs/loader:1463:12)
    at mod.require (file:///Users/akshitsama/Desktop/Website/node_modules/next/dist/server/require-hook.js:65:28)
    at require (node:internal/modules/helpers:147:16)
    at requirePage (file:///Users/akshitsama/Desktop/Website/node_modules/next/dist/server/require.js:109:84)
    at <unknown> (file:///Users/akshitsama/Desktop/Website/node_modules/next/dist/server/load-components.js:72:65)
    at async loadComponentsImpl (file:///Users/akshitsama/Desktop/Website/node_modules/next/dist/server/load-components.js:71:33)
    at async DevServer.findPageComponentsImpl (file:///Users/akshitsama/Desktop/Website/node_modules/next/dist/server/next-server.js:714:36)
[   10126ms] [LOG] [HMR] connected @ webpack-internal:///./node_modules/next/dist/client/components/react-dev-overlay/pages/websocket.js:38
[   10315ms] [ERROR] Failed to load resource: the server responded with a status of 500 (Internal Server Error) @ http://localhost:3001/_next/static/webpack/f8b1252d3b555901.webpack.hot-update.json:0
[   10315ms] [WARNING] [Fast Refresh] performing full reload

Fast Refresh will perform a full reload when you edit a file that's imported by modules outside of the React rendering tree.
You might have a file which exports a React component but also exports a value that is imported by a non-React component file.
Consider migrating the non-React component export to a separate file and importing it into both files.

It is also possible the parent component of the component you edited is a class component, which disables Fast Refresh.
Fast Refresh requires at least one parent function component in your React tree. @ webpack-internal:///./node_modules/next/dist/client/components/react-dev-overlay/pages/hot-reloader-client.js:347
[   10364ms] [ERROR] Failed to load resource: the server responded with a status of 500 (Internal Server Error) @ http://localhost:3001/login:0
[   10452ms] [INFO] %cDownload the React DevTools for a better development experience: https://reactjs.org/link/react-devtools font-weight:bold @ webpack-internal:///./node_modules/react-dom/cjs/react-dom.development.js:29889
[   10458ms] Error: Cannot find module './682.js'
Require stack:
- /Users/akshitsama/Desktop/Website/.next/server/webpack-runtime.js
- /Users/akshitsama/Desktop/Website/.next/server/pages/_document.js
- /Users/akshitsama/Desktop/Website/node_modules/next/dist/server/require.js
- /Users/akshitsama/Desktop/Website/node_modules/next/dist/server/load-components.js
- /Users/akshitsama/Desktop/Website/node_modules/next/dist/build/utils.js
- /Users/akshitsama/Desktop/Website/node_modules/next/dist/server/dev/hot-middleware.js
- /Users/akshitsama/Desktop/Website/node_modules/next/dist/server/dev/hot-reloader-webpack.js
- /Users/akshitsama/Desktop/Website/node_modules/next/dist/server/lib/router-utils/setup-dev-bundler.js
- /Users/akshitsama/Desktop/Website/node_modules/next/dist/server/lib/router-server.js
- /Users/akshitsama/Desktop/Website/node_modules/next/dist/server/lib/start-server.js
    at Function.<anonymous> (node:internal/modules/cjs/loader:1383:15)
    at <unknown> (file:///Users/akshitsama/Desktop/Website/node_modules/next/dist/server/require-hook.js:55:36)
    at defaultResolveImpl (node:internal/modules/cjs/loader:1025:19)
    at resolveForCJSWithHooks (node:internal/modules/cjs/loader:1030:22)
    at Function._load (node:internal/modules/cjs/loader:1192:37)
    at TracingChannel.traceSync (node:diagnostics_channel:328:14)
    at wrapModuleLoad (node:internal/modules/cjs/loader:237:24)
    at Module.<anonymous> (node:internal/modules/cjs/loader:1463:12)
    at mod.require (file:///Users/akshitsama/Desktop/Website/node_modules/next/dist/server/require-hook.js:65:28)
    at require (node:internal/modules/helpers:147:16)
    at __webpack_require__.f.require (file:///Users/akshitsama/Desktop/Website/.next/server/webpack-runtime.js:198:28)
    at <unknown> (file:///Users/akshitsama/Desktop/Website/.next/server/webpack-runtime.js:111:40)
    at Array.reduce (<anonymous>)
    at __webpack_require__.e (file:///Users/akshitsama/Desktop/Website/.next/server/webpack-runtime.js:110:67)
    at Array.map (<anonymous>)
    at __webpack_require__.X (file:///Users/akshitsama/Desktop/Website/.next/server/webpack-runtime.js:162:22)
    at <unknown> (file:///Users/akshitsama/Desktop/Website/.next/server/pages/_document.js:1:335)
    at Object.<anonymous> (file:///Users/akshitsama/Desktop/Website/.next/server/pages/_document.js:1:376)
    at Module._compile (node:internal/modules/cjs/loader:1705:14)
    at Object..js (node:internal/modules/cjs/loader:1838:10)
    at Module.load (node:internal/modules/cjs/loader:1441:32)
    at Function._load (node:internal/modules/cjs/loader:1263:12)
    at TracingChannel.traceSync (node:diagnostics_channel:328:14)
    at wrapModuleLoad (node:internal/modules/cjs/loader:237:24)
    at Module.<anonymous> (node:internal/modules/cjs/loader:1463:12)
    at mod.require (file:///Users/akshitsama/Desktop/Website/node_modules/next/dist/server/require-hook.js:65:28)
    at require (node:internal/modules/helpers:147:16)
    at requirePage (file:///Users/akshitsama/Desktop/Website/node_modules/next/dist/server/require.js:109:84)
    at <unknown> (file:///Users/akshitsama/Desktop/Website/node_modules/next/dist/server/load-components.js:72:65)
    at async loadComponentsImpl (file:///Users/akshitsama/Desktop/Website/node_modules/next/dist/server/load-components.js:71:33)
    at async DevServer.findPageComponentsImpl (file:///Users/akshitsama/Desktop/Website/node_modules/next/dist/server/next-server.js:714:36)
[   10456ms] [LOG] [HMR] connected @ webpack-internal:///./node_modules/next/dist/client/components/react-dev-overlay/pages/websocket.js:38
[   10629ms] [ERROR] Failed to load resource: the server responded with a status of 500 (Internal Server Error) @ http://localhost:3001/_next/static/webpack/f8b1252d3b555901.webpack.hot-update.json:0
[   10629ms] [WARNING] [Fast Refresh] performing full reload

Fast Refresh will perform a full reload when you edit a file that's imported by modules outside of the React rendering tree.
You might have a file which exports a React component but also exports a value that is imported by a non-React component file.
Consider migrating the non-React component export to a separate file and importing it into both files.

It is also possible the parent component of the component you edited is a class component, which disables Fast Refresh.
Fast Refresh requires at least one parent function component in your React tree. @ webpack-internal:///./node_modules/next/dist/client/components/react-dev-overlay/pages/hot-reloader-client.js:347
[   10691ms] [ERROR] Failed to load resource: the server responded with a status of 500 (Internal Server Error) @ http://localhost:3001/login:0
[   10778ms] [INFO] %cDownload the React DevTools for a better development experience: https://reactjs.org/link/react-devtools font-weight:bold @ webpack-internal:///./node_modules/react-dom/cjs/react-dom.development.js:29889
[   10782ms] Error: Cannot find module './682.js'
Require stack:
- /Users/akshitsama/Desktop/Website/.next/server/webpack-runtime.js
- /Users/akshitsama/Desktop/Website/.next/server/pages/_document.js
- /Users/akshitsama/Desktop/Website/node_modules/next/dist/server/require.js
- /Users/akshitsama/Desktop/Website/node_modules/next/dist/server/load-components.js
- /Users/akshitsama/Desktop/Website/node_modules/next/dist/build/utils.js
- /Users/akshitsama/Desktop/Website/node_modules/next/dist/server/dev/hot-middleware.js
- /Users/akshitsama/Desktop/Website/node_modules/next/dist/server/dev/hot-reloader-webpack.js
- /Users/akshitsama/Desktop/Website/node_modules/next/dist/server/lib/router-utils/setup-dev-bundler.js
- /Users/akshitsama/Desktop/Website/node_modules/next/dist/server/lib/router-server.js
- /Users/akshitsama/Desktop/Website/node_modules/next/dist/server/lib/start-server.js
    at Function.<anonymous> (node:internal/modules/cjs/loader:1383:15)
    at <unknown> (file:///Users/akshitsama/Desktop/Website/node_modules/next/dist/server/require-hook.js:55:36)
    at defaultResolveImpl (node:internal/modules/cjs/loader:1025:19)
    at resolveForCJSWithHooks (node:internal/modules/cjs/loader:1030:22)
    at Function._load (node:internal/modules/cjs/loader:1192:37)
    at TracingChannel.traceSync (node:diagnostics_channel:328:14)
    at wrapModuleLoad (node:internal/modules/cjs/loader:237:24)
    at Module.<anonymous> (node:internal/modules/cjs/loader:1463:12)
    at mod.require (file:///Users/akshitsama/Desktop/Website/node_modules/next/dist/server/require-hook.js:65:28)
    at require (node:internal/modules/helpers:147:16)
    at __webpack_require__.f.require (file:///Users/akshitsama/Desktop/Website/.next/server/webpack-runtime.js:198:28)
    at <unknown> (file:///Users/akshitsama/Desktop/Website/.next/server/webpack-runtime.js:111:40)
    at Array.reduce (<anonymous>)
    at __webpack_require__.e (file:///Users/akshitsama/Desktop/Website/.next/server/webpack-runtime.js:110:67)
    at Array.map (<anonymous>)
    at __webpack_require__.X (file:///Users/akshitsama/Desktop/Website/.next/server/webpack-runtime.js:162:22)
    at <unknown> (file:///Users/akshitsama/Desktop/Website/.next/server/pages/_document.js:1:335)
    at Object.<anonymous> (file:///Users/akshitsama/Desktop/Website/.next/server/pages/_document.js:1:376)
    at Module._compile (node:internal/modules/cjs/loader:1705:14)
    at Object..js (node:internal/modules/cjs/loader:1838:10)
    at Module.load (node:internal/modules/cjs/loader:1441:32)
    at Function._load (node:internal/modules/cjs/loader:1263:12)
    at TracingChannel.traceSync (node:diagnostics_channel:328:14)
    at wrapModuleLoad (node:internal/modules/cjs/loader:237:24)
    at Module.<anonymous> (node:internal/modules/cjs/loader:1463:12)
    at mod.require (file:///Users/akshitsama/Desktop/Website/node_modules/next/dist/server/require-hook.js:65:28)
    at require (node:internal/modules/helpers:147:16)
    at requirePage (file:///Users/akshitsama/Desktop/Website/node_modules/next/dist/server/require.js:109:84)
    at <unknown> (file:///Users/akshitsama/Desktop/Website/node_modules/next/dist/server/load-components.js:72:65)
    at async loadComponentsImpl (file:///Users/akshitsama/Desktop/Website/node_modules/next/dist/server/load-components.js:71:33)
    at async DevServer.findPageComponentsImpl (file:///Users/akshitsama/Desktop/Website/node_modules/next/dist/server/next-server.js:714:36)
[   10782ms] [LOG] [HMR] connected @ webpack-internal:///./node_modules/next/dist/client/components/react-dev-overlay/pages/websocket.js:38
[   10955ms] [ERROR] Failed to load resource: the server responded with a status of 500 (Internal Server Error) @ http://localhost:3001/_next/static/webpack/f8b1252d3b555901.webpack.hot-update.json:0
[   10955ms] [WARNING] [Fast Refresh] performing full reload

Fast Refresh will perform a full reload when you edit a file that's imported by modules outside of the React rendering tree.
You might have a file which exports a React component but also exports a value that is imported by a non-React component file.
Consider migrating the non-React component export to a separate file and importing it into both files.

It is also possible the parent component of the component you edited is a class component, which disables Fast Refresh.
Fast Refresh requires at least one parent function component in your React tree. @ webpack-internal:///./node_modules/next/dist/client/components/react-dev-overlay/pages/hot-reloader-client.js:347
[   10991ms] [ERROR] Failed to load resource: the server responded with a status of 500 (Internal Server Error) @ http://localhost:3001/login:0
[   11073ms] [INFO] %cDownload the React DevTools for a better development experience: https://reactjs.org/link/react-devtools font-weight:bold @ webpack-internal:///./node_modules/react-dom/cjs/react-dom.development.js:29889
[   11078ms] Error: Cannot find module './682.js'
Require stack:
- /Users/akshitsama/Desktop/Website/.next/server/webpack-runtime.js
- /Users/akshitsama/Desktop/Website/.next/server/pages/_document.js
- /Users/akshitsama/Desktop/Website/node_modules/next/dist/server/require.js
- /Users/akshitsama/Desktop/Website/node_modules/next/dist/server/load-components.js
- /Users/akshitsama/Desktop/Website/node_modules/next/dist/build/utils.js
- /Users/akshitsama/Desktop/Website/node_modules/next/dist/server/dev/hot-middleware.js
- /Users/akshitsama/Desktop/Website/node_modules/next/dist/server/dev/hot-reloader-webpack.js
- /Users/akshitsama/Desktop/Website/node_modules/next/dist/server/lib/router-utils/setup-dev-bundler.js
- /Users/akshitsama/Desktop/Website/node_modules/next/dist/server/lib/router-server.js
- /Users/akshitsama/Desktop/Website/node_modules/next/dist/server/lib/start-server.js
    at Function.<anonymous> (node:internal/modules/cjs/loader:1383:15)
    at <unknown> (file:///Users/akshitsama/Desktop/Website/node_modules/next/dist/server/require-hook.js:55:36)
    at defaultResolveImpl (node:internal/modules/cjs/loader:1025:19)
    at resolveForCJSWithHooks (node:internal/modules/cjs/loader:1030:22)
    at Function._load (node:internal/modules/cjs/loader:1192:37)
    at TracingChannel.traceSync (node:diagnostics_channel:328:14)
    at wrapModuleLoad (node:internal/modules/cjs/loader:237:24)
    at Module.<anonymous> (node:internal/modules/cjs/loader:1463:12)
    at mod.require (file:///Users/akshitsama/Desktop/Website/node_modules/next/dist/server/require-hook.js:65:28)
    at require (node:internal/modules/helpers:147:16)
    at __webpack_require__.f.require (file:///Users/akshitsama/Desktop/Website/.next/server/webpack-runtime.js:198:28)
    at <unknown> (file:///Users/akshitsama/Desktop/Website/.next/server/webpack-runtime.js:111:40)
    at Array.reduce (<anonymous>)
    at __webpack_require__.e (file:///Users/akshitsama/Desktop/Website/.next/server/webpack-runtime.js:110:67)
    at Array.map (<anonymous>)
    at __webpack_require__.X (file:///Users/akshitsama/Desktop/Website/.next/server/webpack-runtime.js:162:22)
    at <unknown> (file:///Users/akshitsama/Desktop/Website/.next/server/pages/_document.js:1:335)
    at Object.<anonymous> (file:///Users/akshitsama/Desktop/Website/.next/server/pages/_document.js:1:376)
    at Module._compile (node:internal/modules/cjs/loader:1705:14)
    at Object..js (node:internal/modules/cjs/loader:1838:10)
    at Module.load (node:internal/modules/cjs/loader:1441:32)
    at Function._load (node:internal/modules/cjs/loader:1263:12)
    at TracingChannel.traceSync (node:diagnostics_channel:328:14)
    at wrapModuleLoad (node:internal/modules/cjs/loader:237:24)
    at Module.<anonymous> (node:internal/modules/cjs/loader:1463:12)
    at mod.require (file:///Users/akshitsama/Desktop/Website/node_modules/next/dist/server/require-hook.js:65:28)
    at require (node:internal/modules/helpers:147:16)
    at requirePage (file:///Users/akshitsama/Desktop/Website/node_modules/next/dist/server/require.js:109:84)
    at <unknown> (file:///Users/akshitsama/Desktop/Website/node_modules/next/dist/server/load-components.js:72:65)
    at async loadComponentsImpl (file:///Users/akshitsama/Desktop/Website/node_modules/next/dist/server/load-components.js:71:33)
    at async DevServer.findPageComponentsImpl (file:///Users/akshitsama/Desktop/Website/node_modules/next/dist/server/next-server.js:714:36)
[   11079ms] [LOG] [HMR] connected @ webpack-internal:///./node_modules/next/dist/client/components/react-dev-overlay/pages/websocket.js:38
[   11278ms] [ERROR] Failed to load resource: the server responded with a status of 500 (Internal Server Error) @ http://localhost:3001/_next/static/webpack/f8b1252d3b555901.webpack.hot-update.json:0
[   11279ms] [WARNING] [Fast Refresh] performing full reload

Fast Refresh will perform a full reload when you edit a file that's imported by modules outside of the React rendering tree.
You might have a file which exports a React component but also exports a value that is imported by a non-React component file.
Consider migrating the non-React component export to a separate file and importing it into both files.

It is also possible the parent component of the component you edited is a class component, which disables Fast Refresh.
Fast Refresh requires at least one parent function component in your React tree. @ webpack-internal:///./node_modules/next/dist/client/components/react-dev-overlay/pages/hot-reloader-client.js:347
[   11315ms] [ERROR] Failed to load resource: the server responded with a status of 500 (Internal Server Error) @ http://localhost:3001/login:0
[   11392ms] [INFO] %cDownload the React DevTools for a better development experience: https://reactjs.org/link/react-devtools font-weight:bold @ webpack-internal:///./node_modules/react-dom/cjs/react-dom.development.js:29889
[   11397ms] Error: Cannot find module './682.js'
Require stack:
- /Users/akshitsama/Desktop/Website/.next/server/webpack-runtime.js
- /Users/akshitsama/Desktop/Website/.next/server/pages/_document.js
- /Users/akshitsama/Desktop/Website/node_modules/next/dist/server/require.js
- /Users/akshitsama/Desktop/Website/node_modules/next/dist/server/load-components.js
- /Users/akshitsama/Desktop/Website/node_modules/next/dist/build/utils.js
- /Users/akshitsama/Desktop/Website/node_modules/next/dist/server/dev/hot-middleware.js
- /Users/akshitsama/Desktop/Website/node_modules/next/dist/server/dev/hot-reloader-webpack.js
- /Users/akshitsama/Desktop/Website/node_modules/next/dist/server/lib/router-utils/setup-dev-bundler.js
- /Users/akshitsama/Desktop/Website/node_modules/next/dist/server/lib/router-server.js
- /Users/akshitsama/Desktop/Website/node_modules/next/dist/server/lib/start-server.js
    at Function.<anonymous> (node:internal/modules/cjs/loader:1383:15)
    at <unknown> (file:///Users/akshitsama/Desktop/Website/node_modules/next/dist/server/require-hook.js:55:36)
    at defaultResolveImpl (node:internal/modules/cjs/loader:1025:19)
    at resolveForCJSWithHooks (node:internal/modules/cjs/loader:1030:22)
    at Function._load (node:internal/modules/cjs/loader:1192:37)
    at TracingChannel.traceSync (node:diagnostics_channel:328:14)
    at wrapModuleLoad (node:internal/modules/cjs/loader:237:24)
    at Module.<anonymous> (node:internal/modules/cjs/loader:1463:12)
    at mod.require (file:///Users/akshitsama/Desktop/Website/node_modules/next/dist/server/require-hook.js:65:28)
    at require (node:internal/modules/helpers:147:16)
    at __webpack_require__.f.require (file:///Users/akshitsama/Desktop/Website/.next/server/webpack-runtime.js:198:28)
    at <unknown> (file:///Users/akshitsama/Desktop/Website/.next/server/webpack-runtime.js:111:40)
    at Array.reduce (<anonymous>)
    at __webpack_require__.e (file:///Users/akshitsama/Desktop/Website/.next/server/webpack-runtime.js:110:67)
    at Array.map (<anonymous>)
    at __webpack_require__.X (file:///Users/akshitsama/Desktop/Website/.next/server/webpack-runtime.js:162:22)
    at <unknown> (file:///Users/akshitsama/Desktop/Website/.next/server/pages/_document.js:1:335)
    at Object.<anonymous> (file:///Users/akshitsama/Desktop/Website/.next/server/pages/_document.js:1:376)
    at Module._compile (node:internal/modules/cjs/loader:1705:14)
    at Object..js (node:internal/modules/cjs/loader:1838:10)
    at Module.load (node:internal/modules/cjs/loader:1441:32)
    at Function._load (node:internal/modules/cjs/loader:1263:12)
    at TracingChannel.traceSync (node:diagnostics_channel:328:14)
    at wrapModuleLoad (node:internal/modules/cjs/loader:237:24)
    at Module.<anonymous> (node:internal/modules/cjs/loader:1463:12)
    at mod.require (file:///Users/akshitsama/Desktop/Website/node_modules/next/dist/server/require-hook.js:65:28)
    at require (node:internal/modules/helpers:147:16)
    at requirePage (file:///Users/akshitsama/Desktop/Website/node_modules/next/dist/server/require.js:109:84)
    at <unknown> (file:///Users/akshitsama/Desktop/Website/node_modules/next/dist/server/load-components.js:72:65)
    at async loadComponentsImpl (file:///Users/akshitsama/Desktop/Website/node_modules/next/dist/server/load-components.js:71:33)
    at async DevServer.findPageComponentsImpl (file:///Users/akshitsama/Desktop/Website/node_modules/next/dist/server/next-server.js:714:36)
[   11397ms] [LOG] [HMR] connected @ webpack-internal:///./node_modules/next/dist/client/components/react-dev-overlay/pages/websocket.js:38
[   11563ms] [ERROR] Failed to load resource: the server responded with a status of 500 (Internal Server Error) @ http://localhost:3001/_next/static/webpack/f8b1252d3b555901.webpack.hot-update.json:0
[   11563ms] [WARNING] [Fast Refresh] performing full reload

Fast Refresh will perform a full reload when you edit a file that's imported by modules outside of the React rendering tree.
You might have a file which exports a React component but also exports a value that is imported by a non-React component file.
Consider migrating the non-React component export to a separate file and importing it into both files.

It is also possible the parent component of the component you edited is a class component, which disables Fast Refresh.
Fast Refresh requires at least one parent function component in your React tree. @ webpack-internal:///./node_modules/next/dist/client/components/react-dev-overlay/pages/hot-reloader-client.js:347
[   11599ms] [ERROR] Failed to load resource: the server responded with a status of 500 (Internal Server Error) @ http://localhost:3001/login:0
[   11677ms] [INFO] %cDownload the React DevTools for a better development experience: https://reactjs.org/link/react-devtools font-weight:bold @ webpack-internal:///./node_modules/react-dom/cjs/react-dom.development.js:29889
[   11681ms] Error: Cannot find module './682.js'
Require stack:
- /Users/akshitsama/Desktop/Website/.next/server/webpack-runtime.js
- /Users/akshitsama/Desktop/Website/.next/server/pages/_document.js
- /Users/akshitsama/Desktop/Website/node_modules/next/dist/server/require.js
- /Users/akshitsama/Desktop/Website/node_modules/next/dist/server/load-components.js
- /Users/akshitsama/Desktop/Website/node_modules/next/dist/build/utils.js
- /Users/akshitsama/Desktop/Website/node_modules/next/dist/server/dev/hot-middleware.js
- /Users/akshitsama/Desktop/Website/node_modules/next/dist/server/dev/hot-reloader-webpack.js
- /Users/akshitsama/Desktop/Website/node_modules/next/dist/server/lib/router-utils/setup-dev-bundler.js
- /Users/akshitsama/Desktop/Website/node_modules/next/dist/server/lib/router-server.js
- /Users/akshitsama/Desktop/Website/node_modules/next/dist/server/lib/start-server.js
    at Function.<anonymous> (node:internal/modules/cjs/loader:1383:15)
    at <unknown> (file:///Users/akshitsama/Desktop/Website/node_modules/next/dist/server/require-hook.js:55:36)
    at defaultResolveImpl (node:internal/modules/cjs/loader:1025:19)
    at resolveForCJSWithHooks (node:internal/modules/cjs/loader:1030:22)
    at Function._load (node:internal/modules/cjs/loader:1192:37)
    at TracingChannel.traceSync (node:diagnostics_channel:328:14)
    at wrapModuleLoad (node:internal/modules/cjs/loader:237:24)
    at Module.<anonymous> (node:internal/modules/cjs/loader:1463:12)
    at mod.require (file:///Users/akshitsama/Desktop/Website/node_modules/next/dist/server/require-hook.js:65:28)
    at require (node:internal/modules/helpers:147:16)
    at __webpack_require__.f.require (file:///Users/akshitsama/Desktop/Website/.next/server/webpack-runtime.js:198:28)
    at <unknown> (file:///Users/akshitsama/Desktop/Website/.next/server/webpack-runtime.js:111:40)
    at Array.reduce (<anonymous>)
    at __webpack_require__.e (file:///Users/akshitsama/Desktop/Website/.next/server/webpack-runtime.js:110:67)
    at Array.map (<anonymous>)
    at __webpack_require__.X (file:///Users/akshitsama/Desktop/Website/.next/server/webpack-runtime.js:162:22)
    at <unknown> (file:///Users/akshitsama/Desktop/Website/.next/server/pages/_document.js:1:335)
    at Object.<anonymous> (file:///Users/akshitsama/Desktop/Website/.next/server/pages/_document.js:1:376)
    at Module._compile (node:internal/modules/cjs/loader:1705:14)
    at Object..js (node:internal/modules/cjs/loader:1838:10)
    at Module.load (node:internal/modules/cjs/loader:1441:32)
    at Function._load (node:internal/modules/cjs/loader:1263:12)
    at TracingChannel.traceSync (node:diagnostics_channel:328:14)
    at wrapModuleLoad (node:internal/modules/cjs/loader:237:24)
    at Module.<anonymous> (node:internal/modules/cjs/loader:1463:12)
    at mod.require (file:///Users/akshitsama/Desktop/Website/node_modules/next/dist/server/require-hook.js:65:28)
    at require (node:internal/modules/helpers:147:16)
    at requirePage (file:///Users/akshitsama/Desktop/Website/node_modules/next/dist/server/require.js:109:84)
    at <unknown> (file:///Users/akshitsama/Desktop/Website/node_modules/next/dist/server/load-components.js:72:65)
    at async loadComponentsImpl (file:///Users/akshitsama/Desktop/Website/node_modules/next/dist/server/load-components.js:71:33)
    at async DevServer.findPageComponentsImpl (file:///Users/akshitsama/Desktop/Website/node_modules/next/dist/server/next-server.js:714:36)
[   11681ms] [LOG] [HMR] connected @ webpack-internal:///./node_modules/next/dist/client/components/react-dev-overlay/pages/websocket.js:38
[   11854ms] [ERROR] Failed to load resource: the server responded with a status of 500 (Internal Server Error) @ http://localhost:3001/_next/static/webpack/f8b1252d3b555901.webpack.hot-update.json:0
[   11854ms] [WARNING] [Fast Refresh] performing full reload

Fast Refresh will perform a full reload when you edit a file that's imported by modules outside of the React rendering tree.
You might have a file which exports a React component but also exports a value that is imported by a non-React component file.
Consider migrating the non-React component export to a separate file and importing it into both files.

It is also possible the parent component of the component you edited is a class component, which disables Fast Refresh.
Fast Refresh requires at least one parent function component in your React tree. @ webpack-internal:///./node_modules/next/dist/client/components/react-dev-overlay/pages/hot-reloader-client.js:347
[   11897ms] [ERROR] Failed to load resource: the server responded with a status of 500 (Internal Server Error) @ http://localhost:3001/login:0
[   11978ms] [INFO] %cDownload the React DevTools for a better development experience: https://reactjs.org/link/react-devtools font-weight:bold @ webpack-internal:///./node_modules/react-dom/cjs/react-dom.development.js:29889
[   11988ms] Error: Cannot find module './682.js'
Require stack:
- /Users/akshitsama/Desktop/Website/.next/server/webpack-runtime.js
- /Users/akshitsama/Desktop/Website/.next/server/pages/_document.js
- /Users/akshitsama/Desktop/Website/node_modules/next/dist/server/require.js
- /Users/akshitsama/Desktop/Website/node_modules/next/dist/server/load-components.js
- /Users/akshitsama/Desktop/Website/node_modules/next/dist/build/utils.js
- /Users/akshitsama/Desktop/Website/node_modules/next/dist/server/dev/hot-middleware.js
- /Users/akshitsama/Desktop/Website/node_modules/next/dist/server/dev/hot-reloader-webpack.js
- /Users/akshitsama/Desktop/Website/node_modules/next/dist/server/lib/router-utils/setup-dev-bundler.js
- /Users/akshitsama/Desktop/Website/node_modules/next/dist/server/lib/router-server.js
- /Users/akshitsama/Desktop/Website/node_modules/next/dist/server/lib/start-server.js
    at Function.<anonymous> (node:internal/modules/cjs/loader:1383:15)
    at <unknown> (file:///Users/akshitsama/Desktop/Website/node_modules/next/dist/server/require-hook.js:55:36)
    at defaultResolveImpl (node:internal/modules/cjs/loader:1025:19)
    at resolveForCJSWithHooks (node:internal/modules/cjs/loader:1030:22)
    at Function._load (node:internal/modules/cjs/loader:1192:37)
    at TracingChannel.traceSync (node:diagnostics_channel:328:14)
    at wrapModuleLoad (node:internal/modules/cjs/loader:237:24)
    at Module.<anonymous> (node:internal/modules/cjs/loader:1463:12)
    at mod.require (file:///Users/akshitsama/Desktop/Website/node_modules/next/dist/server/require-hook.js:65:28)
    at require (node:internal/modules/helpers:147:16)
    at __webpack_require__.f.require (file:///Users/akshitsama/Desktop/Website/.next/server/webpack-runtime.js:198:28)
    at <unknown> (file:///Users/akshitsama/Desktop/Website/.next/server/webpack-runtime.js:111:40)
    at Array.reduce (<anonymous>)
    at __webpack_require__.e (file:///Users/akshitsama/Desktop/Website/.next/server/webpack-runtime.js:110:67)
    at Array.map (<anonymous>)
    at __webpack_require__.X (file:///Users/akshitsama/Desktop/Website/.next/server/webpack-runtime.js:162:22)
    at <unknown> (file:///Users/akshitsama/Desktop/Website/.next/server/pages/_document.js:1:335)
    at Object.<anonymous> (file:///Users/akshitsama/Desktop/Website/.next/server/pages/_document.js:1:376)
    at Module._compile (node:internal/modules/cjs/loader:1705:14)
    at Object..js (node:internal/modules/cjs/loader:1838:10)
    at Module.load (node:internal/modules/cjs/loader:1441:32)
    at Function._load (node:internal/modules/cjs/loader:1263:12)
    at TracingChannel.traceSync (node:diagnostics_channel:328:14)
    at wrapModuleLoad (node:internal/modules/cjs/loader:237:24)
    at Module.<anonymous> (node:internal/modules/cjs/loader:1463:12)
    at mod.require (file:///Users/akshitsama/Desktop/Website/node_modules/next/dist/server/require-hook.js:65:28)
    at require (node:internal/modules/helpers:147:16)
    at requirePage (file:///Users/akshitsama/Desktop/Website/node_modules/next/dist/server/require.js:109:84)
    at <unknown> (file:///Users/akshitsama/Desktop/Website/node_modules/next/dist/server/load-components.js:72:65)
    at async loadComponentsImpl (file:///Users/akshitsama/Desktop/Website/node_modules/next/dist/server/load-components.js:71:33)
    at async DevServer.findPageComponentsImpl (file:///Users/akshitsama/Desktop/Website/node_modules/next/dist/server/next-server.js:714:36)
[   11989ms] [LOG] [HMR] connected @ webpack-internal:///./node_modules/next/dist/client/components/react-dev-overlay/pages/websocket.js:38
[   12180ms] [ERROR] Failed to load resource: the server responded with a status of 500 (Internal Server Error) @ http://localhost:3001/_next/static/webpack/f8b1252d3b555901.webpack.hot-update.json:0
[   12180ms] [WARNING] [Fast Refresh] performing full reload

Fast Refresh will perform a full reload when you edit a file that's imported by modules outside of the React rendering tree.
You might have a file which exports a React component but also exports a value that is imported by a non-React component file.
Consider migrating the non-React component export to a separate file and importing it into both files.

It is also possible the parent component of the component you edited is a class component, which disables Fast Refresh.
Fast Refresh requires at least one parent function component in your React tree. @ webpack-internal:///./node_modules/next/dist/client/components/react-dev-overlay/pages/hot-reloader-client.js:347
[   12226ms] [ERROR] Failed to load resource: the server responded with a status of 500 (Internal Server Error) @ http://localhost:3001/login:0
[   12328ms] [INFO] %cDownload the React DevTools for a better development experience: https://reactjs.org/link/react-devtools font-weight:bold @ webpack-internal:///./node_modules/react-dom/cjs/react-dom.development.js:29889
[   12333ms] Error: Cannot find module './682.js'
Require stack:
- /Users/akshitsama/Desktop/Website/.next/server/webpack-runtime.js
- /Users/akshitsama/Desktop/Website/.next/server/pages/_document.js
- /Users/akshitsama/Desktop/Website/node_modules/next/dist/server/require.js
- /Users/akshitsama/Desktop/Website/node_modules/next/dist/server/load-components.js
- /Users/akshitsama/Desktop/Website/node_modules/next/dist/build/utils.js
- /Users/akshitsama/Desktop/Website/node_modules/next/dist/server/dev/hot-middleware.js
- /Users/akshitsama/Desktop/Website/node_modules/next/dist/server/dev/hot-reloader-webpack.js
- /Users/akshitsama/Desktop/Website/node_modules/next/dist/server/lib/router-utils/setup-dev-bundler.js
- /Users/akshitsama/Desktop/Website/node_modules/next/dist/server/lib/router-server.js
- /Users/akshitsama/Desktop/Website/node_modules/next/dist/server/lib/start-server.js
    at Function.<anonymous> (node:internal/modules/cjs/loader:1383:15)
    at <unknown> (file:///Users/akshitsama/Desktop/Website/node_modules/next/dist/server/require-hook.js:55:36)
    at defaultResolveImpl (node:internal/modules/cjs/loader:1025:19)
    at resolveForCJSWithHooks (node:internal/modules/cjs/loader:1030:22)
    at Function._load (node:internal/modules/cjs/loader:1192:37)
    at TracingChannel.traceSync (node:diagnostics_channel:328:14)
    at wrapModuleLoad (node:internal/modules/cjs/loader:237:24)
    at Module.<anonymous> (node:internal/modules/cjs/loader:1463:12)
    at mod.require (file:///Users/akshitsama/Desktop/Website/node_modules/next/dist/server/require-hook.js:65:28)
    at require (node:internal/modules/helpers:147:16)
    at __webpack_require__.f.require (file:///Users/akshitsama/Desktop/Website/.next/server/webpack-runtime.js:198:28)
    at <unknown> (file:///Users/akshitsama/Desktop/Website/.next/server/webpack-runtime.js:111:40)
    at Array.reduce (<anonymous>)
    at __webpack_require__.e (file:///Users/akshitsama/Desktop/Website/.next/server/webpack-runtime.js:110:67)
    at Array.map (<anonymous>)
    at __webpack_require__.X (file:///Users/akshitsama/Desktop/Website/.next/server/webpack-runtime.js:162:22)
    at <unknown> (file:///Users/akshitsama/Desktop/Website/.next/server/pages/_document.js:1:335)
    at Object.<anonymous> (file:///Users/akshitsama/Desktop/Website/.next/server/pages/_document.js:1:376)
    at Module._compile (node:internal/modules/cjs/loader:1705:14)
    at Object..js (node:internal/modules/cjs/loader:1838:10)
    at Module.load (node:internal/modules/cjs/loader:1441:32)
    at Function._load (node:internal/modules/cjs/loader:1263:12)
    at TracingChannel.traceSync (node:diagnostics_channel:328:14)
    at wrapModuleLoad (node:internal/modules/cjs/loader:237:24)
    at Module.<anonymous> (node:internal/modules/cjs/loader:1463:12)
    at mod.require (file:///Users/akshitsama/Desktop/Website/node_modules/next/dist/server/require-hook.js:65:28)
    at require (node:internal/modules/helpers:147:16)
    at requirePage (file:///Users/akshitsama/Desktop/Website/node_modules/next/dist/server/require.js:109:84)
    at <unknown> (file:///Users/akshitsama/Desktop/Website/node_modules/next/dist/server/load-components.js:72:65)
    at async loadComponentsImpl (file:///Users/akshitsama/Desktop/Website/node_modules/next/dist/server/load-components.js:71:33)
    at async DevServer.findPageComponentsImpl (file:///Users/akshitsama/Desktop/Website/node_modules/next/dist/server/next-server.js:714:36)
[   12334ms] [LOG] [HMR] connected @ webpack-internal:///./node_modules/next/dist/client/components/react-dev-overlay/pages/websocket.js:38
[   12575ms] [ERROR] Failed to load resource: the server responded with a status of 500 (Internal Server Error) @ http://localhost:3001/_next/static/webpack/f8b1252d3b555901.webpack.hot-update.json:0
[   12575ms] [WARNING] [Fast Refresh] performing full reload

Fast Refresh will perform a full reload when you edit a file that's imported by modules outside of the React rendering tree.
You might have a file which exports a React component but also exports a value that is imported by a non-React component file.
Consider migrating the non-React component export to a separate file and importing it into both files.

It is also possible the parent component of the component you edited is a class component, which disables Fast Refresh.
Fast Refresh requires at least one parent function component in your React tree. @ webpack-internal:///./node_modules/next/dist/client/components/react-dev-overlay/pages/hot-reloader-client.js:347
[   12621ms] [ERROR] Failed to load resource: the server responded with a status of 500 (Internal Server Error) @ http://localhost:3001/login:0
[   12708ms] [INFO] %cDownload the React DevTools for a better development experience: https://reactjs.org/link/react-devtools font-weight:bold @ webpack-internal:///./node_modules/react-dom/cjs/react-dom.development.js:29889
[   12719ms] Error: Cannot find module './682.js'
Require stack:
- /Users/akshitsama/Desktop/Website/.next/server/webpack-runtime.js
- /Users/akshitsama/Desktop/Website/.next/server/pages/_document.js
- /Users/akshitsama/Desktop/Website/node_modules/next/dist/server/require.js
- /Users/akshitsama/Desktop/Website/node_modules/next/dist/server/load-components.js
- /Users/akshitsama/Desktop/Website/node_modules/next/dist/build/utils.js
- /Users/akshitsama/Desktop/Website/node_modules/next/dist/server/dev/hot-middleware.js
- /Users/akshitsama/Desktop/Website/node_modules/next/dist/server/dev/hot-reloader-webpack.js
- /Users/akshitsama/Desktop/Website/node_modules/next/dist/server/lib/router-utils/setup-dev-bundler.js
- /Users/akshitsama/Desktop/Website/node_modules/next/dist/server/lib/router-server.js
- /Users/akshitsama/Desktop/Website/node_modules/next/dist/server/lib/start-server.js
    at Function.<anonymous> (node:internal/modules/cjs/loader:1383:15)
    at <unknown> (file:///Users/akshitsama/Desktop/Website/node_modules/next/dist/server/require-hook.js:55:36)
    at defaultResolveImpl (node:internal/modules/cjs/loader:1025:19)
    at resolveForCJSWithHooks (node:internal/modules/cjs/loader:1030:22)
    at Function._load (node:internal/modules/cjs/loader:1192:37)
    at TracingChannel.traceSync (node:diagnostics_channel:328:14)
    at wrapModuleLoad (node:internal/modules/cjs/loader:237:24)
    at Module.<anonymous> (node:internal/modules/cjs/loader:1463:12)
    at mod.require (file:///Users/akshitsama/Desktop/Website/node_modules/next/dist/server/require-hook.js:65:28)
    at require (node:internal/modules/helpers:147:16)
    at __webpack_require__.f.require (file:///Users/akshitsama/Desktop/Website/.next/server/webpack-runtime.js:198:28)
    at <unknown> (file:///Users/akshitsama/Desktop/Website/.next/server/webpack-runtime.js:111:40)
    at Array.reduce (<anonymous>)
    at __webpack_require__.e (file:///Users/akshitsama/Desktop/Website/.next/server/webpack-runtime.js:110:67)
    at Array.map (<anonymous>)
    at __webpack_require__.X (file:///Users/akshitsama/Desktop/Website/.next/server/webpack-runtime.js:162:22)
    at <unknown> (file:///Users/akshitsama/Desktop/Website/.next/server/pages/_document.js:1:335)
    at Object.<anonymous> (file:///Users/akshitsama/Desktop/Website/.next/server/pages/_document.js:1:376)
    at Module._compile (node:internal/modules/cjs/loader:1705:14)
    at Object..js (node:internal/modules/cjs/loader:1838:10)
    at Module.load (node:internal/modules/cjs/loader:1441:32)
    at Function._load (node:internal/modules/cjs/loader:1263:12)
    at TracingChannel.traceSync (node:diagnostics_channel:328:14)
    at wrapModuleLoad (node:internal/modules/cjs/loader:237:24)
    at Module.<anonymous> (node:internal/modules/cjs/loader:1463:12)
    at mod.require (file:///Users/akshitsama/Desktop/Website/node_modules/next/dist/server/require-hook.js:65:28)
    at require (node:internal/modules/helpers:147:16)
    at requirePage (file:///Users/akshitsama/Desktop/Website/node_modules/next/dist/server/require.js:109:84)
    at <unknown> (file:///Users/akshitsama/Desktop/Website/node_modules/next/dist/server/load-components.js:72:65)
    at async loadComponentsImpl (file:///Users/akshitsama/Desktop/Website/node_modules/next/dist/server/load-components.js:71:33)
    at async DevServer.findPageComponentsImpl (file:///Users/akshitsama/Desktop/Website/node_modules/next/dist/server/next-server.js:714:36)
[   12713ms] [LOG] [HMR] connected @ webpack-internal:///./node_modules/next/dist/client/components/react-dev-overlay/pages/websocket.js:38
[   12938ms] [ERROR] Failed to load resource: the server responded with a status of 500 (Internal Server Error) @ http://localhost:3001/_next/static/webpack/f8b1252d3b555901.webpack.hot-update.json:0
[   12939ms] [WARNING] [Fast Refresh] performing full reload

Fast Refresh will perform a full reload when you edit a file that's imported by modules outside of the React rendering tree.
You might have a file which exports a React component but also exports a value that is imported by a non-React component file.
Consider migrating the non-React component export to a separate file and importing it into both files.

It is also possible the parent component of the component you edited is a class component, which disables Fast Refresh.
Fast Refresh requires at least one parent function component in your React tree. @ webpack-internal:///./node_modules/next/dist/client/components/react-dev-overlay/pages/hot-reloader-client.js:347
[   13026ms] [ERROR] Failed to load resource: the server responded with a status of 500 (Internal Server Error) @ http://localhost:3001/login:0
[   13121ms] [INFO] %cDownload the React DevTools for a better development experience: https://reactjs.org/link/react-devtools font-weight:bold @ webpack-internal:///./node_modules/react-dom/cjs/react-dom.development.js:29889
[   13129ms] Error: Cannot find module './682.js'
Require stack:
- /Users/akshitsama/Desktop/Website/.next/server/webpack-runtime.js
- /Users/akshitsama/Desktop/Website/.next/server/pages/_document.js
- /Users/akshitsama/Desktop/Website/node_modules/next/dist/server/require.js
- /Users/akshitsama/Desktop/Website/node_modules/next/dist/server/load-components.js
- /Users/akshitsama/Desktop/Website/node_modules/next/dist/build/utils.js
- /Users/akshitsama/Desktop/Website/node_modules/next/dist/server/dev/hot-middleware.js
- /Users/akshitsama/Desktop/Website/node_modules/next/dist/server/dev/hot-reloader-webpack.js
- /Users/akshitsama/Desktop/Website/node_modules/next/dist/server/lib/router-utils/setup-dev-bundler.js
- /Users/akshitsama/Desktop/Website/node_modules/next/dist/server/lib/router-server.js
- /Users/akshitsama/Desktop/Website/node_modules/next/dist/server/lib/start-server.js
    at Function.<anonymous> (node:internal/modules/cjs/loader:1383:15)
    at <unknown> (file:///Users/akshitsama/Desktop/Website/node_modules/next/dist/server/require-hook.js:55:36)
    at defaultResolveImpl (node:internal/modules/cjs/loader:1025:19)
    at resolveForCJSWithHooks (node:internal/modules/cjs/loader:1030:22)
    at Function._load (node:internal/modules/cjs/loader:1192:37)
    at TracingChannel.traceSync (node:diagnostics_channel:328:14)
    at wrapModuleLoad (node:internal/modules/cjs/loader:237:24)
    at Module.<anonymous> (node:internal/modules/cjs/loader:1463:12)
    at mod.require (file:///Users/akshitsama/Desktop/Website/node_modules/next/dist/server/require-hook.js:65:28)
    at require (node:internal/modules/helpers:147:16)
    at __webpack_require__.f.require (file:///Users/akshitsama/Desktop/Website/.next/server/webpack-runtime.js:198:28)
    at <unknown> (file:///Users/akshitsama/Desktop/Website/.next/server/webpack-runtime.js:111:40)
    at Array.reduce (<anonymous>)
    at __webpack_require__.e (file:///Users/akshitsama/Desktop/Website/.next/server/webpack-runtime.js:110:67)
    at Array.map (<anonymous>)
    at __webpack_require__.X (file:///Users/akshitsama/Desktop/Website/.next/server/webpack-runtime.js:162:22)
    at <unknown> (file:///Users/akshitsama/Desktop/Website/.next/server/pages/_document.js:1:335)
    at Object.<anonymous> (file:///Users/akshitsama/Desktop/Website/.next/server/pages/_document.js:1:376)
    at Module._compile (node:internal/modules/cjs/loader:1705:14)
    at Object..js (node:internal/modules/cjs/loader:1838:10)
    at Module.load (node:internal/modules/cjs/loader:1441:32)
    at Function._load (node:internal/modules/cjs/loader:1263:12)
    at TracingChannel.traceSync (node:diagnostics_channel:328:14)
    at wrapModuleLoad (node:internal/modules/cjs/loader:237:24)
    at Module.<anonymous> (node:internal/modules/cjs/loader:1463:12)
    at mod.require (file:///Users/akshitsama/Desktop/Website/node_modules/next/dist/server/require-hook.js:65:28)
    at require (node:internal/modules/helpers:147:16)
    at requirePage (file:///Users/akshitsama/Desktop/Website/node_modules/next/dist/server/require.js:109:84)
    at <unknown> (file:///Users/akshitsama/Desktop/Website/node_modules/next/dist/server/load-components.js:72:65)
    at async loadComponentsImpl (file:///Users/akshitsama/Desktop/Website/node_modules/next/dist/server/load-components.js:71:33)
    at async DevServer.findPageComponentsImpl (file:///Users/akshitsama/Desktop/Website/node_modules/next/dist/server/next-server.js:714:36)
[   13128ms] [LOG] [HMR] connected @ webpack-internal:///./node_modules/next/dist/client/components/react-dev-overlay/pages/websocket.js:38
[   13319ms] [ERROR] Failed to load resource: the server responded with a status of 500 (Internal Server Error) @ http://localhost:3001/_next/static/webpack/f8b1252d3b555901.webpack.hot-update.json:0
[   13319ms] [WARNING] [Fast Refresh] performing full reload

Fast Refresh will perform a full reload when you edit a file that's imported by modules outside of the React rendering tree.
You might have a file which exports a React component but also exports a value that is imported by a non-React component file.
Consider migrating the non-React component export to a separate file and importing it into both files.

It is also possible the parent component of the component you edited is a class component, which disables Fast Refresh.
Fast Refresh requires at least one parent function component in your React tree. @ webpack-internal:///./node_modules/next/dist/client/components/react-dev-overlay/pages/hot-reloader-client.js:347
[   13380ms] [ERROR] Failed to load resource: the server responded with a status of 500 (Internal Server Error) @ http://localhost:3001/login:0
[   13470ms] [INFO] %cDownload the React DevTools for a better development experience: https://reactjs.org/link/react-devtools font-weight:bold @ webpack-internal:///./node_modules/react-dom/cjs/react-dom.development.js:29889
[   13475ms] Error: Cannot find module './682.js'
Require stack:
- /Users/akshitsama/Desktop/Website/.next/server/webpack-runtime.js
- /Users/akshitsama/Desktop/Website/.next/server/pages/_document.js
- /Users/akshitsama/Desktop/Website/node_modules/next/dist/server/require.js
- /Users/akshitsama/Desktop/Website/node_modules/next/dist/server/load-components.js
- /Users/akshitsama/Desktop/Website/node_modules/next/dist/build/utils.js
- /Users/akshitsama/Desktop/Website/node_modules/next/dist/server/dev/hot-middleware.js
- /Users/akshitsama/Desktop/Website/node_modules/next/dist/server/dev/hot-reloader-webpack.js
- /Users/akshitsama/Desktop/Website/node_modules/next/dist/server/lib/router-utils/setup-dev-bundler.js
- /Users/akshitsama/Desktop/Website/node_modules/next/dist/server/lib/router-server.js
- /Users/akshitsama/Desktop/Website/node_modules/next/dist/server/lib/start-server.js
    at Function.<anonymous> (node:internal/modules/cjs/loader:1383:15)
    at <unknown> (file:///Users/akshitsama/Desktop/Website/node_modules/next/dist/server/require-hook.js:55:36)
    at defaultResolveImpl (node:internal/modules/cjs/loader:1025:19)
    at resolveForCJSWithHooks (node:internal/modules/cjs/loader:1030:22)
    at Function._load (node:internal/modules/cjs/loader:1192:37)
    at TracingChannel.traceSync (node:diagnostics_channel:328:14)
    at wrapModuleLoad (node:internal/modules/cjs/loader:237:24)
    at Module.<anonymous> (node:internal/modules/cjs/loader:1463:12)
    at mod.require (file:///Users/akshitsama/Desktop/Website/node_modules/next/dist/server/require-hook.js:65:28)
    at require (node:internal/modules/helpers:147:16)
    at __webpack_require__.f.require (file:///Users/akshitsama/Desktop/Website/.next/server/webpack-runtime.js:198:28)
    at <unknown> (file:///Users/akshitsama/Desktop/Website/.next/server/webpack-runtime.js:111:40)
    at Array.reduce (<anonymous>)
    at __webpack_require__.e (file:///Users/akshitsama/Desktop/Website/.next/server/webpack-runtime.js:110:67)
    at Array.map (<anonymous>)
    at __webpack_require__.X (file:///Users/akshitsama/Desktop/Website/.next/server/webpack-runtime.js:162:22)
    at <unknown> (file:///Users/akshitsama/Desktop/Website/.next/server/pages/_document.js:1:335)
    at Object.<anonymous> (file:///Users/akshitsama/Desktop/Website/.next/server/pages/_document.js:1:376)
    at Module._compile (node:internal/modules/cjs/loader:1705:14)
    at Object..js (node:internal/modules/cjs/loader:1838:10)
    at Module.load (node:internal/modules/cjs/loader:1441:32)
    at Function._load (node:internal/modules/cjs/loader:1263:12)
    at TracingChannel.traceSync (node:diagnostics_channel:328:14)
    at wrapModuleLoad (node:internal/modules/cjs/loader:237:24)
    at Module.<anonymous> (node:internal/modules/cjs/loader:1463:12)
    at mod.require (file:///Users/akshitsama/Desktop/Website/node_modules/next/dist/server/require-hook.js:65:28)
    at require (node:internal/modules/helpers:147:16)
    at requirePage (file:///Users/akshitsama/Desktop/Website/node_modules/next/dist/server/require.js:109:84)
    at <unknown> (file:///Users/akshitsama/Desktop/Website/node_modules/next/dist/server/load-components.js:72:65)
    at async loadComponentsImpl (file:///Users/akshitsama/Desktop/Website/node_modules/next/dist/server/load-components.js:71:33)
    at async DevServer.findPageComponentsImpl (file:///Users/akshitsama/Desktop/Website/node_modules/next/dist/server/next-server.js:714:36)
[   13475ms] [LOG] [HMR] connected @ webpack-internal:///./node_modules/next/dist/client/components/react-dev-overlay/pages/websocket.js:38
[   13752ms] [ERROR] Failed to load resource: the server responded with a status of 500 (Internal Server Error) @ http://localhost:3001/_next/static/webpack/f8b1252d3b555901.webpack.hot-update.json:0
[   13752ms] [WARNING] [Fast Refresh] performing full reload

Fast Refresh will perform a full reload when you edit a file that's imported by modules outside of the React rendering tree.
You might have a file which exports a React component but also exports a value that is imported by a non-React component file.
Consider migrating the non-React component export to a separate file and importing it into both files.

It is also possible the parent component of the component you edited is a class component, which disables Fast Refresh.
Fast Refresh requires at least one parent function component in your React tree. @ webpack-internal:///./node_modules/next/dist/client/components/react-dev-overlay/pages/hot-reloader-client.js:347
[   13802ms] [ERROR] Failed to load resource: the server responded with a status of 500 (Internal Server Error) @ http://localhost:3001/login:0
[   13900ms] [INFO] %cDownload the React DevTools for a better development experience: https://reactjs.org/link/react-devtools font-weight:bold @ webpack-internal:///./node_modules/react-dom/cjs/react-dom.development.js:29889
[   13904ms] Error: Cannot find module './682.js'
Require stack:
- /Users/akshitsama/Desktop/Website/.next/server/webpack-runtime.js
- /Users/akshitsama/Desktop/Website/.next/server/pages/_document.js
- /Users/akshitsama/Desktop/Website/node_modules/next/dist/server/require.js
- /Users/akshitsama/Desktop/Website/node_modules/next/dist/server/load-components.js
- /Users/akshitsama/Desktop/Website/node_modules/next/dist/build/utils.js
- /Users/akshitsama/Desktop/Website/node_modules/next/dist/server/dev/hot-middleware.js
- /Users/akshitsama/Desktop/Website/node_modules/next/dist/server/dev/hot-reloader-webpack.js
- /Users/akshitsama/Desktop/Website/node_modules/next/dist/server/lib/router-utils/setup-dev-bundler.js
- /Users/akshitsama/Desktop/Website/node_modules/next/dist/server/lib/router-server.js
- /Users/akshitsama/Desktop/Website/node_modules/next/dist/server/lib/start-server.js
    at Function.<anonymous> (node:internal/modules/cjs/loader:1383:15)
    at <unknown> (file:///Users/akshitsama/Desktop/Website/node_modules/next/dist/server/require-hook.js:55:36)
    at defaultResolveImpl (node:internal/modules/cjs/loader:1025:19)
    at resolveForCJSWithHooks (node:internal/modules/cjs/loader:1030:22)
    at Function._load (node:internal/modules/cjs/loader:1192:37)
    at TracingChannel.traceSync (node:diagnostics_channel:328:14)
    at wrapModuleLoad (node:internal/modules/cjs/loader:237:24)
    at Module.<anonymous> (node:internal/modules/cjs/loader:1463:12)
    at mod.require (file:///Users/akshitsama/Desktop/Website/node_modules/next/dist/server/require-hook.js:65:28)
    at require (node:internal/modules/helpers:147:16)
    at __webpack_require__.f.require (file:///Users/akshitsama/Desktop/Website/.next/server/webpack-runtime.js:198:28)
    at <unknown> (file:///Users/akshitsama/Desktop/Website/.next/server/webpack-runtime.js:111:40)
    at Array.reduce (<anonymous>)
    at __webpack_require__.e (file:///Users/akshitsama/Desktop/Website/.next/server/webpack-runtime.js:110:67)
    at Array.map (<anonymous>)
    at __webpack_require__.X (file:///Users/akshitsama/Desktop/Website/.next/server/webpack-runtime.js:162:22)
    at <unknown> (file:///Users/akshitsama/Desktop/Website/.next/server/pages/_document.js:1:335)
    at Object.<anonymous> (file:///Users/akshitsama/Desktop/Website/.next/server/pages/_document.js:1:376)
    at Module._compile (node:internal/modules/cjs/loader:1705:14)
    at Object..js (node:internal/modules/cjs/loader:1838:10)
    at Module.load (node:internal/modules/cjs/loader:1441:32)
    at Function._load (node:internal/modules/cjs/loader:1263:12)
    at TracingChannel.traceSync (node:diagnostics_channel:328:14)
    at wrapModuleLoad (node:internal/modules/cjs/loader:237:24)
    at Module.<anonymous> (node:internal/modules/cjs/loader:1463:12)
    at mod.require (file:///Users/akshitsama/Desktop/Website/node_modules/next/dist/server/require-hook.js:65:28)
    at require (node:internal/modules/helpers:147:16)
    at requirePage (file:///Users/akshitsama/Desktop/Website/node_modules/next/dist/server/require.js:109:84)
    at <unknown> (file:///Users/akshitsama/Desktop/Website/node_modules/next/dist/server/load-components.js:72:65)
    at async loadComponentsImpl (file:///Users/akshitsama/Desktop/Website/node_modules/next/dist/server/load-components.js:71:33)
    at async DevServer.findPageComponentsImpl (file:///Users/akshitsama/Desktop/Website/node_modules/next/dist/server/next-server.js:714:36)
[   13912ms] [LOG] [HMR] connected @ webpack-internal:///./node_modules/next/dist/client/components/react-dev-overlay/pages/websocket.js:38
[   14140ms] [ERROR] Failed to load resource: the server responded with a status of 500 (Internal Server Error) @ http://localhost:3001/_next/static/webpack/f8b1252d3b555901.webpack.hot-update.json:0
[   14140ms] [WARNING] [Fast Refresh] performing full reload

Fast Refresh will perform a full reload when you edit a file that's imported by modules outside of the React rendering tree.
You might have a file which exports a React component but also exports a value that is imported by a non-React component file.
Consider migrating the non-React component export to a separate file and importing it into both files.

It is also possible the parent component of the component you edited is a class component, which disables Fast Refresh.
Fast Refresh requires at least one parent function component in your React tree. @ webpack-internal:///./node_modules/next/dist/client/components/react-dev-overlay/pages/hot-reloader-client.js:347
[   14198ms] [ERROR] Failed to load resource: the server responded with a status of 500 (Internal Server Error) @ http://localhost:3001/login:0
[   14289ms] [INFO] %cDownload the React DevTools for a better development experience: https://reactjs.org/link/react-devtools font-weight:bold @ webpack-internal:///./node_modules/react-dom/cjs/react-dom.development.js:29889
[   14293ms] Error: Cannot find module './682.js'
Require stack:
- /Users/akshitsama/Desktop/Website/.next/server/webpack-runtime.js
- /Users/akshitsama/Desktop/Website/.next/server/pages/_document.js
- /Users/akshitsama/Desktop/Website/node_modules/next/dist/server/require.js
- /Users/akshitsama/Desktop/Website/node_modules/next/dist/server/load-components.js
- /Users/akshitsama/Desktop/Website/node_modules/next/dist/build/utils.js
- /Users/akshitsama/Desktop/Website/node_modules/next/dist/server/dev/hot-middleware.js
- /Users/akshitsama/Desktop/Website/node_modules/next/dist/server/dev/hot-reloader-webpack.js
- /Users/akshitsama/Desktop/Website/node_modules/next/dist/server/lib/router-utils/setup-dev-bundler.js
- /Users/akshitsama/Desktop/Website/node_modules/next/dist/server/lib/router-server.js
- /Users/akshitsama/Desktop/Website/node_modules/next/dist/server/lib/start-server.js
    at Function.<anonymous> (node:internal/modules/cjs/loader:1383:15)
    at <unknown> (file:///Users/akshitsama/Desktop/Website/node_modules/next/dist/server/require-hook.js:55:36)
    at defaultResolveImpl (node:internal/modules/cjs/loader:1025:19)
    at resolveForCJSWithHooks (node:internal/modules/cjs/loader:1030:22)
    at Function._load (node:internal/modules/cjs/loader:1192:37)
    at TracingChannel.traceSync (node:diagnostics_channel:328:14)
    at wrapModuleLoad (node:internal/modules/cjs/loader:237:24)
    at Module.<anonymous> (node:internal/modules/cjs/loader:1463:12)
    at mod.require (file:///Users/akshitsama/Desktop/Website/node_modules/next/dist/server/require-hook.js:65:28)
    at require (node:internal/modules/helpers:147:16)
    at __webpack_require__.f.require (file:///Users/akshitsama/Desktop/Website/.next/server/webpack-runtime.js:198:28)
    at <unknown> (file:///Users/akshitsama/Desktop/Website/.next/server/webpack-runtime.js:111:40)
    at Array.reduce (<anonymous>)
    at __webpack_require__.e (file:///Users/akshitsama/Desktop/Website/.next/server/webpack-runtime.js:110:67)
    at Array.map (<anonymous>)
    at __webpack_require__.X (file:///Users/akshitsama/Desktop/Website/.next/server/webpack-runtime.js:162:22)
    at <unknown> (file:///Users/akshitsama/Desktop/Website/.next/server/pages/_document.js:1:335)
    at Object.<anonymous> (file:///Users/akshitsama/Desktop/Website/.next/server/pages/_document.js:1:376)
    at Module._compile (node:internal/modules/cjs/loader:1705:14)
    at Object..js (node:internal/modules/cjs/loader:1838:10)
    at Module.load (node:internal/modules/cjs/loader:1441:32)
    at Function._load (node:internal/modules/cjs/loader:1263:12)
    at TracingChannel.traceSync (node:diagnostics_channel:328:14)
    at wrapModuleLoad (node:internal/modules/cjs/loader:237:24)
    at Module.<anonymous> (node:internal/modules/cjs/loader:1463:12)
    at mod.require (file:///Users/akshitsama/Desktop/Website/node_modules/next/dist/server/require-hook.js:65:28)
    at require (node:internal/modules/helpers:147:16)
    at requirePage (file:///Users/akshitsama/Desktop/Website/node_modules/next/dist/server/require.js:109:84)
    at <unknown> (file:///Users/akshitsama/Desktop/Website/node_modules/next/dist/server/load-components.js:72:65)
    at async loadComponentsImpl (file:///Users/akshitsama/Desktop/Website/node_modules/next/dist/server/load-components.js:71:33)
    at async DevServer.findPageComponentsImpl (file:///Users/akshitsama/Desktop/Website/node_modules/next/dist/server/next-server.js:714:36)
[   14294ms] [LOG] [HMR] connected @ webpack-internal:///./node_modules/next/dist/client/components/react-dev-overlay/pages/websocket.js:38
[   15611ms] [ERROR] WebSocket connection to 'ws://localhost:3001/_next/webpack-hmr' failed: Error in connection establishment: net::ERR_CONNECTION_REFUSED @ webpack-internal:///./node_modules/next/dist/client/components/react-dev-overlay/pages/websocket.js:63
[   16614ms] [ERROR] WebSocket connection to 'ws://localhost:3001/_next/webpack-hmr' failed: Error in connection establishment: net::ERR_CONNECTION_REFUSED @ webpack-internal:///./node_modules/next/dist/client/components/react-dev-overlay/pages/websocket.js:63
[   17616ms] [ERROR] WebSocket connection to 'ws://localhost:3001/_next/webpack-hmr' failed: Error in connection establishment: net::ERR_CONNECTION_REFUSED @ webpack-internal:///./node_modules/next/dist/client/components/react-dev-overlay/pages/websocket.js:63
[   18619ms] [ERROR] WebSocket connection to 'ws://localhost:3001/_next/webpack-hmr' failed: Error in connection establishment: net::ERR_CONNECTION_REFUSED @ webpack-internal:///./node_modules/next/dist/client/components/react-dev-overlay/pages/websocket.js:63
[   19621ms] [ERROR] WebSocket connection to 'ws://localhost:3001/_next/webpack-hmr' failed: Error in connection establishment: net::ERR_CONNECTION_REFUSED @ webpack-internal:///./node_modules/next/dist/client/components/react-dev-overlay/pages/websocket.js:63
[   24625ms] [ERROR] WebSocket connection to 'ws://localhost:3001/_next/webpack-hmr' failed: Error in connection establishment: net::ERR_CONNECTION_REFUSED @ webpack-internal:///./node_modules/next/dist/client/components/react-dev-overlay/pages/websocket.js:63
[   29642ms] [ERROR] WebSocket connection to 'ws://localhost:3001/_next/webpack-hmr' failed: Error in connection establishment: net::ERR_CONNECTION_REFUSED @ webpack-internal:///./node_modules/next/dist/client/components/react-dev-overlay/pages/websocket.js:63
[   34645ms] [ERROR] WebSocket connection to 'ws://localhost:3001/_next/webpack-hmr' failed: Error in connection establishment: net::ERR_CONNECTION_REFUSED @ webpack-internal:///./node_modules/next/dist/client/components/react-dev-overlay/pages/websocket.js:63
[   39649ms] [ERROR] WebSocket connection to 'ws://localhost:3001/_next/webpack-hmr' failed: Error in connection establishment: net::ERR_CONNECTION_REFUSED @ webpack-internal:///./node_modules/next/dist/client/components/react-dev-overlay/pages/websocket.js:63
[   44651ms] [ERROR] WebSocket connection to 'ws://localhost:3001/_next/webpack-hmr' failed: Error in connection establishment: net::ERR_CONNECTION_REFUSED @ webpack-internal:///./node_modules/next/dist/client/components/react-dev-overlay/pages/websocket.js:63
[   49653ms] [ERROR] WebSocket connection to 'ws://localhost:3001/_next/webpack-hmr' failed: Error in connection establishment: net::ERR_CONNECTION_REFUSED @ webpack-internal:///./node_modules/next/dist/client/components/react-dev-overlay/pages/websocket.js:63
[   54656ms] [ERROR] WebSocket connection to 'ws://localhost:3001/_next/webpack-hmr' failed: Error in connection establishment: net::ERR_CONNECTION_REFUSED @ webpack-internal:///./node_modules/next/dist/client/components/react-dev-overlay/pages/websocket.js:63
[   59660ms] [ERROR] WebSocket connection to 'ws://localhost:3001/_next/webpack-hmr' failed: Error in connection establishment: net::ERR_CONNECTION_REFUSED @ webpack-internal:///./node_modules/next/dist/client/components/react-dev-overlay/pages/websocket.js:63
[   64664ms] [ERROR] WebSocket connection to 'ws://localhost:3001/_next/webpack-hmr' failed: Error in connection establishment: net::ERR_CONNECTION_REFUSED @ webpack-internal:///./node_modules/next/dist/client/components/react-dev-overlay/pages/websocket.js:63
[   69666ms] [ERROR] WebSocket connection to 'ws://localhost:3001/_next/webpack-hmr' failed: Error in connection establishment: net::ERR_CONNECTION_REFUSED @ webpack-internal:///./node_modules/next/dist/client/components/react-dev-overlay/pages/websocket.js:63
[   74670ms] [LOG] [HMR] connected @ webpack-internal:///./node_modules/next/dist/client/components/react-dev-overlay/pages/websocket.js:38
[   74689ms] [LOG] [Fast Refresh] rebuilding @ webpack-internal:///./node_modules/next/dist/client/components/react-dev-overlay/pages/hot-reloader-client.js:221
[   76486ms] [LOG] [Fast Refresh] rebuilding @ webpack-internal:///./node_modules/next/dist/client/components/react-dev-overlay/pages/hot-reloader-client.js:221
[   78161ms] [LOG] [Fast Refresh] rebuilding @ webpack-internal:///./node_modules/next/dist/client/components/react-dev-overlay/pages/hot-reloader-client.js:221
[   78262ms] [ERROR] Failed to load resource: the server responded with a status of 404 (Not Found) @ http://localhost:3001/_next/static/webpack/f8b1252d3b555901.webpack.hot-update.json:0
[   78263ms] [WARNING] [Fast Refresh] performing full reload because your application had an unrecoverable error @ webpack-internal:///./node_modules/next/dist/client/components/react-dev-overlay/pages/hot-reloader-client.js:349
[   78480ms] [LOG] [Fast Refresh] rebuilding @ webpack-internal:///./node_modules/next/dist/client/components/react-dev-overlay/pages/hot-reloader-client.js:221
[   80029ms] [LOG] [Fast Refresh] rebuilding @ webpack-internal:///./node_modules/next/dist/client/components/react-dev-overlay/pages/hot-reloader-client.js:221
[   80278ms] [LOG] [Fast Refresh] rebuilding @ webpack-internal:///./node_modules/next/dist/client/components/react-dev-overlay/pages/hot-reloader-client.js:221
[   80425ms] [LOG] [Fast Refresh] rebuilding @ webpack-internal:///./node_modules/next/dist/client/components/react-dev-overlay/pages/hot-reloader-client.js:221
[   80563ms] [WARNING] [Fast Refresh] performing full reload

Fast Refresh will perform a full reload when you edit a file that's imported by modules outside of the React rendering tree.
You might have a file which exports a React component but also exports a value that is imported by a non-React component file.
Consider migrating the non-React component export to a separate file and importing it into both files.

It is also possible the parent component of the component you edited is a class component, which disables Fast Refresh.
Fast Refresh requires at least one parent function component in your React tree. @ webpack-internal:///./node_modules/next/dist/client/components/react-dev-overlay/pages/hot-reloader-client.js:347
[   80899ms] [INFO] %cDownload the React DevTools for a better development experience: https://reactjs.org/link/react-devtools font-weight:bold @ webpack-internal:///(app-pages-browser)/./node_modules/next/dist/compiled/react-dom/cjs/react-dom.development.js:38559
[   81111ms] [VERBOSE] [DOM] Input elements should have autocomplete attributes (suggested: "current-password"): (More info: https://goo.gl/9p2vKq) %o @ http://localhost:3001/login:0
